step,file,dims,array,missing,nonfinite_count,fluid_nonfinite_count,nonfinite_cell_count,fluid_nonfinite_cell_count,finite_min,finite_max,bad_bbox,fluid_bad_bbox,phi_gt_threshold_fluid,boundary_available,boundary_nonfinite_count,boundary_cell_count,fluid_cell_count,speed_max,speed_mean
0,/media/yuan/新加卷1/RUNS/runs/stage8/stage8h_contact_relation_and_profile_path_audit_20260613/flat/cap_theta030_wall020_stage8h_mode0/output/case_VTK_P00_00000000.vti,128x96x128,PhaseField,False,0,0,0,0,0.0,0.9998486367128719,,,49928,True,0,80520,1492344,,
0,/media/yuan/新加卷1/RUNS/runs/stage8/stage8h_contact_relation_and_profile_path_audit_20260613/flat/cap_theta030_wall020_stage8h_mode0/output/case_VTK_P00_00000000.vti,128x96x128,U,False,0,0,0,0,0.0,0.0,,,,True,0,80520,1492344,0.0,0.0
0,/media/yuan/新加卷1/RUNS/runs/stage8/stage8h_contact_relation_and_profile_path_audit_20260613/flat/cap_theta030_wall020_stage8h_mode0/output/case_VTK_P00_00000000.vti,128x96x128,P,False,0,0,0,0,0.0,0.0,,,,True,0,80520,1492344,,
0,/media/yuan/新加卷1/RUNS/runs/stage8/stage8h_contact_relation_and_profile_path_audit_20260613/flat/cap_theta030_wall020_stage8h_mode0/output/case_VTK_P00_00000000.vti,128x96x128,Rho,False,0,0,0,0,0.0,0.9997108987965971,,,,True,0,80520,1492344,,
0,/media/yuan/新加卷1/RUNS/runs/stage8/stage8h_contact_relation_and_profile_path_audit_20260613/flat/cap_theta030_wall020_stage8h_mode0/output/case_VTK_P00_00000000.vti,128x96x128,BOUNDARY,False,0,0,0,0,0.0,16.0,,,,True,0,80520,1492344,,
0,/media/yuan/新加卷1/RUNS/runs/stage8/stage8h_contact_relation_and_profile_path_audit_20260613/flat/cap_theta030_wall020_stage8h_mode0/output/case_VTK_P00_00000000.vti,128x96x128,WallStage8GradMode,False,0,0,0,0,1.0,1.0,,,,True,0,80520,1492344,,
0,/media/yuan/新加卷1/RUNS/runs/stage8/stage8h_contact_relation_and_profile_path_audit_20260613/flat/cap_theta030_wall020_stage8h_mode0/output/case_VTK_P00_00000000.vti,128x96x128,WallStage8ActiveWeight,False,0,0,0,0,0.0,1.0,,,,True,0,80520,1492344,,
0,/media/yuan/新加卷1/RUNS/runs/stage8/stage8h_contact_relation_and_profile_path_audit_20260613/flat/cap_theta030_wall020_stage8h_mode0/output/case_VTK_P00_00000000.vti,128x96x128,WallStage8NormalGradRaw,False,0,0,0,0,-0.1539321652831424,0.001558752992618484,,,,True,0,80520,1492344,,
0,/media/yuan/新加卷1/RUNS/runs/stage8/stage8h_contact_relation_and_profile_path_audit_20260613/flat/cap_theta030_wall020_stage8h_mode0/output/case_VTK_P00_00000000.vti,128x96x128,WallStage8NormalGradTarget,False,0,0,0,0,-0.17848155529106127,4.5255549416165785e-12,,,,True,0,80520,1492344,,
0,/media/yuan/新加卷1/RUNS/runs/stage8/stage8h_contact_relation_and_profile_path_audit_20260613/flat/cap_theta030_wall020_stage8h_mode0/output/case_VTK_P00_00000000.vti,128x96x128,WallStage8ContactResidual,False,0,0,0,0,-0.06025221025374217,0.6960005212956313,,,,True,0,80520,1492344,,
0,/media/yuan/新加卷1/RUNS/runs/stage8/stage8h_contact_relation_and_profile_path_audit_20260613/flat/cap_theta030_wall020_stage8h_mode0/output/case_VTK_P00_00000000.vti,128x96x128,WallStage8TangentGradMag,False,0,0,0,0,0.0,0.07881013352189384,,,,True,0,80520,1492344,,
0,/media/yuan/新加卷1/RUNS/runs/stage8/stage8h_contact_relation_and_profile_path_audit_20260613/flat/cap_theta030_wall020_stage8h_mode0/output/case_VTK_P00_00000000.vti,128x96x128,WallStage8TargetCos,False,0,0,0,0,-0.9396926207859083,3.8285686989269494e-16,,,,True,0,80520,1492344,,
0,/media/yuan/新加卷1/RUNS/runs/stage8/stage8h_contact_relation_and_profile_path_audit_20260613/flat/cap_theta030_wall020_stage8h_mode0/output/case_VTK_P00_00000000.vti,128x96x128,WallStage8GradWriteDeltaMag,False,0,0,0,0,0.0,0.03366205092931138,,,,True,0,80520,1492344,,
0,/media/yuan/新加卷1/RUNS/runs/stage8/stage8h_contact_relation_and_profile_path_audit_20260613/flat/cap_theta030_wall020_stage8h_mode0/output/case_VTK_P00_00000000.vti,128x96x128,WallStage8LimiterReason,False,0,0,0,0,0.0,128.0,,,,True,0,80520,1492344,,
0,/media/yuan/新加卷1/RUNS/runs/stage8/stage8h_contact_relation_and_profile_path_audit_20260613/flat/cap_theta030_wall020_stage8h_mode0/output/case_VTK_P00_00000000.vti,128x96x128,WallStage8LocalWallAngle,False,0,0,0,0,0.0,1.5707963267948966,,,,True,0,80520,1492344,,
0,/media/yuan/新加卷1/RUNS/runs/stage8/stage8h_contact_relation_and_profile_path_audit_20260613/flat/cap_theta030_wall020_stage8h_mode0/output/case_VTK_P00_00000000.vti,128x96x128,WallStage8FluidWallAngle,False,0,0,0,0,0.0,1.570796326794897,,,,True,0,80520,1492344,,
0,/media/yuan/新加卷1/RUNS/runs/stage8/stage8h_contact_relation_and_profile_path_audit_20260613/flat/cap_theta030_wall020_stage8h_mode0/output/case_VTK_P00_00000000.vti,128x96x128,WallStage8FluidWallDataCount,False,0,0,0,0,0.0,19.0,,,,True,0,80520,1492344,,
0,/media/yuan/新加卷1/RUNS/runs/stage8/stage8h_contact_relation_and_profile_path_audit_20260613/flat/cap_theta030_wall020_stage8h_mode0/output/case_VTK_P00_00000000.vti,128x96x128,WallStage8GradCandidateUse,False,0,0,0,0,0.0,1.0,,,,True,0,80520,1492344,,
0,/media/yuan/新加卷1/RUNS/runs/stage8/stage8h_contact_relation_and_profile_path_audit_20260613/flat/cap_theta030_wall020_stage8h_mode0/output/case_VTK_P00_00000000.vti,128x96x128,WallStage8NormalAgreement,False,0,0,0,0,0.0,1.0000000000000002,,,,True,0,80520,1492344,,
0,/media/yuan/新加卷1/RUNS/runs/stage8/stage8h_contact_relation_and_profile_path_audit_20260613/flat/cap_theta030_wall020_stage8h_mode0/output/case_VTK_P00_00000000.vti,128x96x128,WallStage8UsedGeomNormal,False,0,0,0,0,0.0,1.0,,,,True,0,80520,1492344,,
0,/media/yuan/新加卷1/RUNS/runs/stage8/stage8h_contact_relation_and_profile_path_audit_20260613/flat/cap_theta030_wall020_stage8h_mode0/output/case_VTK_P00_00000000.vti,128x96x128,WallStage8TanCoeffLocal,False,0,0,0,0,-1.7948968977776758e-09,2.2647031202082437,,,,True,0,80520,1492344,,
0,/media/yuan/新加卷1/RUNS/runs/stage8/stage8h_contact_relation_and_profile_path_audit_20260613/flat/cap_theta030_wall020_stage8h_mode0/output/case_VTK_P00_00000000.vti,128x96x128,WallStage8ThetaLocal,False,0,0,0,0,0.0,1.570796326794897,,,,True,0,80520,1492344,,
0,/media/yuan/新加卷1/RUNS/runs/stage8/stage8h_contact_relation_and_profile_path_audit_20260613/flat/cap_theta030_wall020_stage8h_mode0/output/case_VTK_P00_00000000.vti,128x96x128,WallStage8PhaseC,False,0,0,0,0,0.0,0.9997106094060031,,,,True,0,80520,1492344,,
0,/media/yuan/新加卷1/RUNS/runs/stage8/stage8h_contact_relation_and_profile_path_audit_20260613/flat/cap_theta030_wall020_stage8h_mode0/output/case_VTK_P00_00000000.vti,128x96x128,WallStage8GradMagRaw,False,0,0,0,0,0.0,0.1726518620438215,,,,True,0,80520,1492344,,
0,/media/yuan/新加卷1/RUNS/runs/stage8/stage8h_contact_relation_and_profile_path_audit_20260613/flat/cap_theta030_wall020_stage8h_mode0/output/case_VTK_P00_00000000.vti,128x96x128,WallStage8TangentGradRaw,False,0,0,0,0,0.0,0.07881013352189384,,,,True,0,80520,1492344,,
0,/media/yuan/新加卷1/RUNS/runs/stage8/stage8h_contact_relation_and_profile_path_audit_20260613/flat/cap_theta030_wall020_stage8h_mode0/output/case_VTK_P00_00000000.vti,128x96x128,WallStage8TargetNormalGrad,False,0,0,0,0,-0.17848155529106127,4.5255549416165785e-12,,,,True,0,80520,1492344,,
0,/media/yuan/新加卷1/RUNS/runs/stage8/stage8h_contact_relation_and_profile_path_audit_20260613/flat/cap_theta030_wall020_stage8h_mode0/output/case_VTK_P00_00000000.vti,128x96x128,WallStage8NormalDeltaRaw,False,0,0,0,0,-0.033662050929345044,0.0,,,,True,0,80520,1492344,,
0,/media/yuan/新加卷1/RUNS/runs/stage8/stage8h_contact_relation_and_profile_path_audit_20260613/flat/cap_theta030_wall020_stage8h_mode0/output/case_VTK_P00_00000000.vti,128x96x128,WallStage8NormalDeltaLimited,False,0,0,0,0,-0.03366205092931138,0.0,,,,True,0,80520,1492344,,
0,/media/yuan/新加卷1/RUNS/runs/stage8/stage8h_contact_relation_and_profile_path_audit_20260613/flat/cap_theta030_wall020_stage8h_mode0/output/case_VTK_P00_00000000.vti,128x96x128,WallStage8VectorDeltaRawMag,False,0,0,0,0,0.0,0.03366205092931138,,,,True,0,80520,1492344,,
0,/media/yuan/新加卷1/RUNS/runs/stage8/stage8h_contact_relation_and_profile_path_audit_20260613/flat/cap_theta030_wall020_stage8h_mode0/output/case_VTK_P00_00000000.vti,128x96x128,WallStage8VectorDeltaLimitedMag,False,0,0,0,0,0.0,0.03366205092931138,,,,True,0,80520,1492344,,
0,/media/yuan/新加卷1/RUNS/runs/stage8/stage8h_contact_relation_and_profile_path_audit_20260613/flat/cap_theta030_wall020_stage8h_mode0/output/case_VTK_P00_00000000.vti,128x96x128,WallStage8NormalLimiterHit,False,0,0,0,0,0.0,1.0,,,,True,0,80520,1492344,,
0,/media/yuan/新加卷1/RUNS/runs/stage8/stage8h_contact_relation_and_profile_path_audit_20260613/flat/cap_theta030_wall020_stage8h_mode0/output/case_VTK_P00_00000000.vti,128x96x128,WallStage8VectorLimiterHit,False,0,0,0,0,0.0,0.0,,,,True,0,80520,1492344,,
0,/media/yuan/新加卷1/RUNS/runs/stage8/stage8h_contact_relation_and_profile_path_audit_20260613/flat/cap_theta030_wall020_stage8h_mode0/output/case_VTK_P00_00000000.vti,128x96x128,WallStage8LimiterRatio,False,0,0,0,0,0.9867285440002306,1.0,,,,True,0,80520,1492344,,
0,/media/yuan/新加卷1/RUNS/runs/stage8/stage8h_contact_relation_and_profile_path_audit_20260613/flat/cap_theta030_wall020_stage8h_mode0/output/case_VTK_P00_00000000.vti,128x96x128,WallStage8RegionTag,False,0,0,0,0,0.0,0.0,,,,True,0,80520,1492344,,
0,/media/yuan/新加卷1/RUNS/runs/stage8/stage8h_contact_relation_and_profile_path_audit_20260613/flat/cap_theta030_wall020_stage8h_mode0/output/case_VTK_P00_00000000.vti,128x96x128,WallStage8SphereRadialDot,False,0,0,0,0,0.0,0.0,,,,True,0,80520,1492344,,
0,/media/yuan/新加卷1/RUNS/runs/stage8/stage8h_contact_relation_and_profile_path_audit_20260613/flat/cap_theta030_wall020_stage8h_mode0/output/case_VTK_P00_00000000.vti,128x96x128,WallStage8ContactBandTag,False,0,0,0,0,0.0,7.0,,,,True,0,80520,1492344,,
0,/media/yuan/新加卷1/RUNS/runs/stage8/stage8h_contact_relation_and_profile_path_audit_20260613/flat/cap_theta030_wall020_stage8h_mode0/output/case_VTK_P00_00000000.vti,128x96x128,WallStage8eDnRaw,False,0,0,0,0,-0.033662050929345044,0.0,,,,True,0,80520,1492344,,
0,/media/yuan/新加卷1/RUNS/runs/stage8/stage8h_contact_relation_and_profile_path_audit_20260613/flat/cap_theta030_wall020_stage8h_mode0/output/case_VTK_P00_00000000.vti,128x96x128,WallStage8eDnTry,False,0,0,0,0,-0.03366205092931138,0.0,,,,True,0,80520,1492344,,
0,/media/yuan/新加卷1/RUNS/runs/stage8/stage8h_contact_relation_and_profile_path_audit_20260613/flat/cap_theta030_wall020_stage8h_mode0/output/case_VTK_P00_00000000.vti,128x96x128,WallStage8eDnLimited,False,0,0,0,0,-0.03366205092931138,0.0,,,,True,0,80520,1492344,,
0,/media/yuan/新加卷1/RUNS/runs/stage8/stage8h_contact_relation_and_profile_path_audit_20260613/flat/cap_theta030_wall020_stage8h_mode0/output/case_VTK_P00_00000000.vti,128x96x128,WallStage8eAbsCap,False,0,0,0,0,0.0,0.05,,,,True,0,80520,1492344,,
0,/media/yuan/新加卷1/RUNS/runs/stage8/stage8h_contact_relation_and_profile_path_audit_20260613/flat/cap_theta030_wall020_stage8h_mode0/output/case_VTK_P00_00000000.vti,128x96x128,WallStage8eRatioCap,False,0,0,0,0,0.0,0.0769660826415712,,,,True,0,80520,1492344,,
0,/media/yuan/新加卷1/RUNS/runs/stage8/stage8h_contact_relation_and_profile_path_audit_20260613/flat/cap_theta030_wall020_stage8h_mode0/output/case_VTK_P00_00000000.vti,128x96x128,WallStage8eEffectiveCap,False,0,0,0,0,0.0,0.05,,,,True,0,80520,1492344,,
0,/media/yuan/新加卷1/RUNS/runs/stage8/stage8h_contact_relation_and_profile_path_audit_20260613/flat/cap_theta030_wall020_stage8h_mode0/output/case_VTK_P00_00000000.vti,128x96x128,WallStage8eCapSource,False,0,0,0,0,0.0,6.0,,,,True,0,80520,1492344,,
0,/media/yuan/新加卷1/RUNS/runs/stage8/stage8h_contact_relation_and_profile_path_audit_20260613/flat/cap_theta030_wall020_stage8h_mode0/output/case_VTK_P00_00000000.vti,128x96x128,WallStage8eCapDemandRatio,False,0,0,0,0,0.0,1.013449956505734,,,,True,0,80520,1492344,,
0,/media/yuan/新加卷1/RUNS/runs/stage8/stage8h_contact_relation_and_profile_path_audit_20260613/flat/cap_theta030_wall020_stage8h_mode0/output/case_VTK_P00_00000000.vti,128x96x128,WallStage8eNormalRawAbs,False,0,0,0,0,0.0,0.1539321652831424,,,,True,0,80520,1492344,,
0,/media/yuan/新加卷1/RUNS/runs/stage8/stage8h_contact_relation_and_profile_path_audit_20260613/flat/cap_theta030_wall020_stage8h_mode0/output/case_VTK_P00_00000000.vti,128x96x128,WallStage8eTargetNormalAbs,False,0,0,0,0,0.0,0.17848155529106127,,,,True,0,80520,1492344,,
0,/media/yuan/新加卷1/RUNS/runs/stage8/stage8h_contact_relation_and_profile_path_audit_20260613/flat/cap_theta030_wall020_stage8h_mode0/output/case_VTK_P00_00000000.vti,128x96x128,WallStage8eTargetMinusRawAbs,False,0,0,0,0,0.0,0.033662050929345044,,,,True,0,80520,1492344,,
0,/media/yuan/新加卷1/RUNS/runs/stage8/stage8h_contact_relation_and_profile_path_audit_20260613/flat/cap_theta030_wall020_stage8h_mode0/output/case_VTK_P00_00000000.vti,128x96x128,WallStage8eSmoothWeightC,False,0,0,0,0,0.0,1.0,,,,True,0,80520,1492344,,
0,/media/yuan/新加卷1/RUNS/runs/stage8/stage8h_contact_relation_and_profile_path_audit_20260613/flat/cap_theta030_wall020_stage8h_mode0/output/case_VTK_P00_00000000.vti,128x96x128,WallStage8eSmoothWeightG,False,0,0,0,0,0.0,1.0,,,,True,0,80520,1492344,,
0,/media/yuan/新加卷1/RUNS/runs/stage8/stage8h_contact_relation_and_profile_path_audit_20260613/flat/cap_theta030_wall020_stage8h_mode0/output/case_VTK_P00_00000000.vti,128x96x128,WallStage8eSmoothWeightT,False,0,0,0,0,0.0,1.0,,,,True,0,80520,1492344,,
0,/media/yuan/新加卷1/RUNS/runs/stage8/stage8h_contact_relation_and_profile_path_audit_20260613/flat/cap_theta030_wall020_stage8h_mode0/output/case_VTK_P00_00000000.vti,128x96x128,WallStage8eSmoothWeightTotal,False,0,0,0,0,0.0,1.0,,,,True,0,80520,1492344,,
0,/media/yuan/新加卷1/RUNS/runs/stage8/stage8h_contact_relation_and_profile_path_audit_20260613/flat/cap_theta030_wall020_stage8h_mode0/output/case_VTK_P00_00000000.vti,128x96x128,WallStage8eTanCoeffTimesTangent,False,0,0,0,0,0.0,0.17848155529106127,,,,True,0,80520,1492344,,
0,/media/yuan/新加卷1/RUNS/runs/stage8/stage8h_contact_relation_and_profile_path_audit_20260613/flat/cap_theta030_wall020_stage8h_mode0/output/case_VTK_P00_00000000.vti,128x96x128,WallStage8eLimiterClass,False,0,0,0,0,-1.0,2.0,,,,True,0,80520,1492344,,
0,/media/yuan/新加卷1/RUNS/runs/stage8/stage8h_contact_relation_and_profile_path_audit_20260613/flat/cap_theta030_wall020_stage8h_mode0/output/case_VTK_P00_00000000.vti,128x96x128,WallStage8eWallProfileConflict,False,0,0,0,0,0.0,1.0,,,,True,0,80520,1492344,,
0,/media/yuan/新加卷1/RUNS/runs/stage8/stage8h_contact_relation_and_profile_path_audit_20260613/flat/cap_theta030_wall020_stage8h_mode0/output/case_VTK_P00_00000000.vti,128x96x128,WallStage8gMode,False,0,0,0,0,3.0,3.0,,,,True,0,80520,1492344,,
0,/media/yuan/新加卷1/RUNS/runs/stage8/stage8h_contact_relation_and_profile_path_audit_20260613/flat/cap_theta030_wall020_stage8h_mode0/output/case_VTK_P00_00000000.vti,128x96x128,WallStage8gScaleRawNormal,False,0,0,0,0,0.0,0.1539321652831424,,,,True,0,80520,1492344,,
0,/media/yuan/新加卷1/RUNS/runs/stage8/stage8h_contact_relation_and_profile_path_audit_20260613/flat/cap_theta030_wall020_stage8h_mode0/output/case_VTK_P00_00000000.vti,128x96x128,WallStage8gScaleTarget,False,0,0,0,0,0.0,0.08924077764553064,,,,True,0,80520,1492344,,
0,/media/yuan/新加卷1/RUNS/runs/stage8/stage8h_contact_relation_and_profile_path_audit_20260613/flat/cap_theta030_wall020_stage8h_mode0/output/case_VTK_P00_00000000.vti,128x96x128,WallStage8gScaleTangent,False,0,0,0,0,0.0,0.03940506676094692,,,,True,0,80520,1492344,,
0,/media/yuan/新加卷1/RUNS/runs/stage8/stage8h_contact_relation_and_profile_path_audit_20260613/flat/cap_theta030_wall020_stage8h_mode0/output/case_VTK_P00_00000000.vti,128x96x128,WallStage8gScaleFloor,False,0,0,0,0,0.0,0.02,,,,True,0,80520,1492344,,
0,/media/yuan/新加卷1/RUNS/runs/stage8/stage8h_contact_relation_and_profile_path_audit_20260613/flat/cap_theta030_wall020_stage8h_mode0/output/case_VTK_P00_00000000.vti,128x96x128,WallStage8gEffectiveScale,False,0,0,0,0,0.0,0.1539321652831424,,,,True,0,80520,1492344,,
0,/media/yuan/新加卷1/RUNS/runs/stage8/stage8h_contact_relation_and_profile_path_audit_20260613/flat/cap_theta030_wall020_stage8h_mode0/output/case_VTK_P00_00000000.vti,128x96x128,WallStage8gTanRaw,False,0,0,0,0,-1.7948968977776758e-09,2.747477404110712,,,,True,0,80520,1492344,,
0,/media/yuan/新加卷1/RUNS/runs/stage8/stage8h_contact_relation_and_profile_path_audit_20260613/flat/cap_theta030_wall020_stage8h_mode0/output/case_VTK_P00_00000000.vti,128x96x128,WallStage8gTanEff,False,0,0,0,0,-1.7948968977776758e-09,2.2647031202082437,,,,True,0,80520,1492344,,
0,/media/yuan/新加卷1/RUNS/runs/stage8/stage8h_contact_relation_and_profile_path_audit_20260613/flat/cap_theta030_wall020_stage8h_mode0/output/case_VTK_P00_00000000.vti,128x96x128,WallStage8gRegularizationRatio,False,0,0,0,0,0.8242845298089977,1.0,,,,True,0,80520,1492344,,
0,/media/yuan/新加卷1/RUNS/runs/stage8/stage8h_contact_relation_and_profile_path_audit_20260613/flat/cap_theta030_wall020_stage8h_mode0/output/case_VTK_P00_00000000.vti,128x96x128,WallStage8gCapSource,False,0,0,0,0,0.0,6.0,,,,True,0,80520,1492344,,
0,/media/yuan/新加卷1/RUNS/runs/stage8/stage8h_contact_relation_and_profile_path_audit_20260613/flat/cap_theta030_wall020_stage8h_mode0/output/case_VTK_P00_00000000.vti,128x96x128,WallStage8gCapDemandRatio,False,0,0,0,0,0.0,1.013449956505734,,,,True,0,80520,1492344,,
0,/media/yuan/新加卷1/RUNS/runs/stage8/stage8h_contact_relation_and_profile_path_audit_20260613/flat/cap_theta030_wall020_stage8h_mode0/output/case_VTK_P00_00000000.vti,128x96x128,WallStage8gProfileTargetMismatch,False,0,0,0,0,0.0,734.768422867112,,,,True,0,80520,1492344,,
0,/media/yuan/新加卷1/RUNS/runs/stage8/stage8h_contact_relation_and_profile_path_audit_20260613/flat/cap_theta030_wall020_stage8h_mode0/output/case_VTK_P00_00000000.vti,128x96x128,WallStage8gProfileConflictSign,False,0,0,0,0,0.0,1.0,,,,True,0,80520,1492344,,
0,/media/yuan/新加卷1/RUNS/runs/stage8/stage8h_contact_relation_and_profile_path_audit_20260613/flat/cap_theta030_wall020_stage8h_mode0/output/case_VTK_P00_00000000.vti,128x96x128,WallStage8gWriteAllowedFlag,False,0,0,0,0,0.0,0.0,,,,True,0,80520,1492344,,
0,/media/yuan/新加卷1/RUNS/runs/stage8/stage8h_contact_relation_and_profile_path_audit_20260613/flat/cap_theta030_wall020_stage8h_mode0/output/case_VTK_P00_00000000.vti,128x96x128,WallStage8hMode,False,0,0,0,0,0.0,0.0,,,,True,0,80520,1492344,,
0,/media/yuan/新加卷1/RUNS/runs/stage8/stage8h_contact_relation_and_profile_path_audit_20260613/flat/cap_theta030_wall020_stage8h_mode0/output/case_VTK_P00_00000000.vti,128x96x128,WallStage8hActualCos,False,0,0,0,0,-0.9071767266651415,0.0,,,,True,0,80520,1492344,,
0,/media/yuan/新加卷1/RUNS/runs/stage8/stage8h_contact_relation_and_profile_path_audit_20260613/flat/cap_theta030_wall020_stage8h_mode0/output/case_VTK_P00_00000000.vti,128x96x128,WallStage8hTargetCos,False,0,0,0,0,-0.9396926207859083,0.0,,,,True,0,80520,1492344,,
0,/media/yuan/新加卷1/RUNS/runs/stage8/stage8h_contact_relation_and_profile_path_audit_20260613/flat/cap_theta030_wall020_stage8h_mode0/output/case_VTK_P00_00000000.vti,128x96x128,WallStage8hResidualCos,False,0,0,0,0,-0.12843168304619867,0.0,,,,True,0,80520,1492344,,
0,/media/yuan/新加卷1/RUNS/runs/stage8/stage8h_contact_relation_and_profile_path_audit_20260613/flat/cap_theta030_wall020_stage8h_mode0/output/case_VTK_P00_00000000.vti,128x96x128,WallStage8hDnTanRaw,False,0,0,0,0,-0.033662050929345044,0.0,,,,True,0,80520,1492344,,
0,/media/yuan/新加卷1/RUNS/runs/stage8/stage8h_contact_relation_and_profile_path_audit_20260613/flat/cap_theta030_wall020_stage8h_mode0/output/case_VTK_P00_00000000.vti,128x96x128,WallStage8hDnCosRaw,False,0,0,0,0,-0.009646679763749022,0.0,,,,True,0,80520,1492344,,
0,/media/yuan/新加卷1/RUNS/runs/stage8/stage8h_contact_relation_and_profile_path_audit_20260613/flat/cap_theta030_wall020_stage8h_mode0/output/case_VTK_P00_00000000.vti,128x96x128,WallStage8hDnRelaxed,False,0,0,0,0,-0.03366205092931138,0.0,,,,True,0,80520,1492344,,
0,/media/yuan/新加卷1/RUNS/runs/stage8/stage8h_contact_relation_and_profile_path_audit_20260613/flat/cap_theta030_wall020_stage8h_mode0/output/case_VTK_P00_00000000.vti,128x96x128,WallStage8hBetaRelaxation,False,0,0,0,0,0.0,6.810212153143259e-05,,,,True,0,80520,1492344,,
0,/media/yuan/新加卷1/RUNS/runs/stage8/stage8h_contact_relation_and_profile_path_audit_20260613/flat/cap_theta030_wall020_stage8h_mode0/output/case_VTK_P00_00000000.vti,128x96x128,WallStage8hBetaSource,False,0,0,0,0,0.0,4.0,,,,True,0,80520,1492344,,
0,/media/yuan/新加卷1/RUNS/runs/stage8/stage8h_contact_relation_and_profile_path_audit_20260613/flat/cap_theta030_wall020_stage8h_mode0/output/case_VTK_P00_00000000.vti,128x96x128,WallStage8hProfileNormal,False,0,0,0,0,0.0,734.75767421572,,,,True,0,80520,1492344,,
0,/media/yuan/新加卷1/RUNS/runs/stage8/stage8h_contact_relation_and_profile_path_audit_20260613/flat/cap_theta030_wall020_stage8h_mode0/output/case_VTK_P00_00000000.vti,128x96x128,WallStage8hProfileTargetMismatch,False,0,0,0,0,0.0,734.768422867112,,,,True,0,80520,1492344,,
0,/media/yuan/新加卷1/RUNS/runs/stage8/stage8h_contact_relation_and_profile_path_audit_20260613/flat/cap_theta030_wall020_stage8h_mode0/output/case_VTK_P00_00000000.vti,128x96x128,WallStage8hProfileConsistencyWeight,False,0,0,0,0,6.804402073223773e-05,1.0,,,,True,0,80520,1492344,,
0,/media/yuan/新加卷1/RUNS/runs/stage8/stage8h_contact_relation_and_profile_path_audit_20260613/flat/cap_theta030_wall020_stage8h_mode0/output/case_VTK_P00_00000000.vti,128x96x128,WallStage8hCandidateDemandRatio,False,0,0,0,0,0.0,1.013449956505734,,,,True,0,80520,1492344,,
0,/media/yuan/新加卷1/RUNS/runs/stage8/stage8h_contact_relation_and_profile_path_audit_20260613/flat/cap_theta030_wall020_stage8h_mode0/output/case_VTK_P00_00000000.vti,128x96x128,WallStage8hCandidateNormalDelta,False,0,0,0,0,-0.03366205092931138,0.0,,,,True,0,80520,1492344,,
0,/media/yuan/新加卷1/RUNS/runs/stage8/stage8h_contact_relation_and_profile_path_audit_20260613/flat/cap_theta030_wall020_stage8h_mode0/output/case_VTK_P00_00000000.vti,128x96x128,WallStage8hLimiterEquivalent,False,0,0,0,0,0.0,1.0,,,,True,0,80520,1492344,,
0,/media/yuan/新加卷1/RUNS/runs/stage8/stage8h_contact_relation_and_profile_path_audit_20260613/flat/cap_theta030_wall020_stage8h_mode0/output/case_VTK_P00_00000000.vti,128x96x128,WallStage8hCosToTanRatio,False,0,0,0,0,0.0,0.7115598808670024,,,,True,0,80520,1492344,,
0,/media/yuan/新加卷1/RUNS/runs/stage8/stage8h_contact_relation_and_profile_path_audit_20260613/flat/cap_theta030_wall020_stage8h_mode0/output/case_VTK_P00_00000000.vti,128x96x128,WallStage8hEffectiveCap,False,0,0,0,0,0.0,0.05,,,,True,0,80520,1492344,,
0,/media/yuan/新加卷1/RUNS/runs/stage8/stage8h_contact_relation_and_profile_path_audit_20260613/flat/cap_theta030_wall020_stage8h_mode0/output/case_VTK_P00_00000000.vti,128x96x128,WallStage8hWriteAllowedFlag,False,0,0,0,0,0.0,0.0,,,,True,0,80520,1492344,,
100,/media/yuan/新加卷1/RUNS/runs/stage8/stage8h_contact_relation_and_profile_path_audit_20260613/flat/cap_theta030_wall020_stage8h_mode0/output/case_VTK_P00_00000100.vti,128x96x128,PhaseField,False,0,0,0,0,-1.832136557339192e-31,0.999878749850587,,,49856,True,0,80520,1492344,,
100,/media/yuan/新加卷1/RUNS/runs/stage8/stage8h_contact_relation_and_profile_path_audit_20260613/flat/cap_theta030_wall020_stage8h_mode0/output/case_VTK_P00_00000100.vti,128x96x128,U,False,0,0,0,0,-4.80181833274034e-06,6.698560333438297e-06,,,,True,0,80520,1492344,6.698625940084408e-06,5.71629876803634e-07
100,/media/yuan/新加卷1/RUNS/runs/stage8/stage8h_contact_relation_and_profile_path_audit_20260613/flat/cap_theta030_wall020_stage8h_mode0/output/case_VTK_P00_00000100.vti,128x96x128,P,False,0,0,0,0,-1.302298532366991e-07,2.5417964148429683e-06,,,,True,0,80520,1492344,,
100,/media/yuan/新加卷1/RUNS/runs/stage8/stage8h_contact_relation_and_profile_path_audit_20260613/flat/cap_theta030_wall020_stage8h_mode0/output/case_VTK_P00_00000100.vti,128x96x128,Rho,False,0,0,0,0,0.0,0.9997684073030794,,,,True,0,80520,1492344,,
100,/media/yuan/新加卷1/RUNS/runs/stage8/stage8h_contact_relation_and_profile_path_audit_20260613/flat/cap_theta030_wall020_stage8h_mode0/output/case_VTK_P00_00000100.vti,128x96x128,BOUNDARY,False,0,0,0,0,0.0,16.0,,,,True,0,80520,1492344,,
100,/media/yuan/新加卷1/RUNS/runs/stage8/stage8h_contact_relation_and_profile_path_audit_20260613/flat/cap_theta030_wall020_stage8h_mode0/output/case_VTK_P00_00000100.vti,128x96x128,WallStage8GradMode,False,0,0,0,0,1.0,1.0,,,,True,0,80520,1492344,,
100,/media/yuan/新加卷1/RUNS/runs/stage8/stage8h_contact_relation_and_profile_path_audit_20260613/flat/cap_theta030_wall020_stage8h_mode0/output/case_VTK_P00_00000100.vti,128x96x128,WallStage8ActiveWeight,False,0,0,0,0,0.0,1.0,,,,True,0,80520,1492344,,
100,/media/yuan/新加卷1/RUNS/runs/stage8/stage8h_contact_relation_and_profile_path_audit_20260613/flat/cap_theta030_wall020_stage8h_mode0/output/case_VTK_P00_00000100.vti,128x96x128,WallStage8NormalGradRaw,False,0,0,0,0,-0.1513658575659922,0.0004986242948516718,,,,True,0,80520,1492344,,
100,/media/yuan/新加卷1/RUNS/runs/stage8/stage8h_contact_relation_and_profile_path_audit_20260613/flat/cap_theta030_wall020_stage8h_mode0/output/case_VTK_P00_00000100.vti,128x96x128,WallStage8NormalGradTarget,False,0,0,0,0,-0.17633217879714919,6.689805649781879e-12,,,,True,0,80520,1492344,,
100,/media/yuan/新加卷1/RUNS/runs/stage8/stage8h_contact_relation_and_profile_path_audit_20260613/flat/cap_theta030_wall020_stage8h_mode0/output/case_VTK_P00_00000100.vti,128x96x128,WallStage8ContactResidual,False,0,0,0,0,-0.060245761595714376,0.36811433692029255,,,,True,0,80520,1492344,,
100,/media/yuan/新加卷1/RUNS/runs/stage8/stage8h_contact_relation_and_profile_path_audit_20260613/flat/cap_theta030_wall020_stage8h_mode0/output/case_VTK_P00_00000100.vti,128x96x128,WallStage8TangentGradMag,False,0,0,0,0,0.0,0.07786105702938013,,,,True,0,80520,1492344,,
100,/media/yuan/新加卷1/RUNS/runs/stage8/stage8h_contact_relation_and_profile_path_audit_20260613/flat/cap_theta030_wall020_stage8h_mode0/output/case_VTK_P00_00000100.vti,128x96x128,WallStage8TargetCos,False,0,0,0,0,-0.9396926207859083,3.8285686989269494e-16,,,,True,0,80520,1492344,,
100,/media/yuan/新加卷1/RUNS/runs/stage8/stage8h_contact_relation_and_profile_path_audit_20260613/flat/cap_theta030_wall020_stage8h_mode0/output/case_VTK_P00_00000100.vti,128x96x128,WallStage8GradWriteDeltaMag,False,0,0,0,0,0.0,0.030830302945089153,,,,True,0,80520,1492344,,
100,/media/yuan/新加卷1/RUNS/runs/stage8/stage8h_contact_relation_and_profile_path_audit_20260613/flat/cap_theta030_wall020_stage8h_mode0/output/case_VTK_P00_00000100.vti,128x96x128,WallStage8LimiterReason,False,0,0,0,0,0.0,28.0,,,,True,0,80520,1492344,,
100,/media/yuan/新加卷1/RUNS/runs/stage8/stage8h_contact_relation_and_profile_path_audit_20260613/flat/cap_theta030_wall020_stage8h_mode0/output/case_VTK_P00_00000100.vti,128x96x128,WallStage8LocalWallAngle,False,0,0,0,0,0.0,1.5707963267948966,,,,True,0,80520,1492344,,
100,/media/yuan/新加卷1/RUNS/runs/stage8/stage8h_contact_relation_and_profile_path_audit_20260613/flat/cap_theta030_wall020_stage8h_mode0/output/case_VTK_P00_00000100.vti,128x96x128,WallStage8FluidWallAngle,False,0,0,0,0,0.0,1.570796326794897,,,,True,0,80520,1492344,,
100,/media/yuan/新加卷1/RUNS/runs/stage8/stage8h_contact_relation_and_profile_path_audit_20260613/flat/cap_theta030_wall020_stage8h_mode0/output/case_VTK_P00_00000100.vti,128x96x128,WallStage8FluidWallDataCount,False,0,0,0,0,0.0,19.0,,,,True,0,80520,1492344,,
100,/media/yuan/新加卷1/RUNS/runs/stage8/stage8h_contact_relation_and_profile_path_audit_20260613/flat/cap_theta030_wall020_stage8h_mode0/output/case_VTK_P00_00000100.vti,128x96x128,WallStage8GradCandidateUse,False,0,0,0,0,0.0,1.0,,,,True,0,80520,1492344,,
100,/media/yuan/新加卷1/RUNS/runs/stage8/stage8h_contact_relation_and_profile_path_audit_20260613/flat/cap_theta030_wall020_stage8h_mode0/output/case_VTK_P00_00000100.vti,128x96x128,WallStage8NormalAgreement,False,0,0,0,0,0.0,1.0000000000000002,,,,True,0,80520,1492344,,
100,/media/yuan/新加卷1/RUNS/runs/stage8/stage8h_contact_relation_and_profile_path_audit_20260613/flat/cap_theta030_wall020_stage8h_mode0/output/case_VTK_P00_00000100.vti,128x96x128,WallStage8UsedGeomNormal,False,0,0,0,0,0.0,1.0,,,,True,0,80520,1492344,,
100,/media/yuan/新加卷1/RUNS/runs/stage8/stage8h_contact_relation_and_profile_path_audit_20260613/flat/cap_theta030_wall020_stage8h_mode0/output/case_VTK_P00_00000100.vti,128x96x128,WallStage8TanCoeffLocal,False,0,0,0,0,-1.7948968977776758e-09,2.2647031202082437,,,,True,0,80520,1492344,,
100,/media/yuan/新加卷1/RUNS/runs/stage8/stage8h_contact_relation_and_profile_path_audit_20260613/flat/cap_theta030_wall020_stage8h_mode0/output/case_VTK_P00_00000100.vti,128x96x128,WallStage8ThetaLocal,False,0,0,0,0,0.0,1.570796326794897,,,,True,0,80520,1492344,,
100,/media/yuan/新加卷1/RUNS/runs/stage8/stage8h_contact_relation_and_profile_path_audit_20260613/flat/cap_theta030_wall020_stage8h_mode0/output/case_VTK_P00_00000100.vti,128x96x128,WallStage8PhaseC,False,0,0,0,0,0.0,0.9997681754785579,,,,True,0,80520,1492344,,
100,/media/yuan/新加卷1/RUNS/runs/stage8/stage8h_contact_relation_and_profile_path_audit_20260613/flat/cap_theta030_wall020_stage8h_mode0/output/case_VTK_P00_00000100.vti,128x96x128,WallStage8GradMagRaw,False,0,0,0,0,0.0,0.17003215648745115,,,,True,0,80520,1492344,,
100,/media/yuan/新加卷1/RUNS/runs/stage8/stage8h_contact_relation_and_profile_path_audit_20260613/flat/cap_theta030_wall020_stage8h_mode0/output/case_VTK_P00_00000100.vti,128x96x128,WallStage8TangentGradRaw,False,0,0,0,0,0.0,0.07786105702938013,,,,True,0,80520,1492344,,
100,/media/yuan/新加卷1/RUNS/runs/stage8/stage8h_contact_relation_and_profile_path_audit_20260613/flat/cap_theta030_wall020_stage8h_mode0/output/case_VTK_P00_00000100.vti,128x96x128,WallStage8TargetNormalGrad,False,0,0,0,0,-0.17633217879714919,6.689805649781879e-12,,,,True,0,80520,1492344,,
100,/media/yuan/新加卷1/RUNS/runs/stage8/stage8h_contact_relation_and_profile_path_audit_20260613/flat/cap_theta030_wall020_stage8h_mode0/output/case_VTK_P00_00000100.vti,128x96x128,WallStage8NormalDeltaRaw,False,0,0,0,0,-0.030830302945119986,0.0,,,,True,0,80520,1492344,,
100,/media/yuan/新加卷1/RUNS/runs/stage8/stage8h_contact_relation_and_profile_path_audit_20260613/flat/cap_theta030_wall020_stage8h_mode0/output/case_VTK_P00_00000100.vti,128x96x128,WallStage8NormalDeltaLimited,False,0,0,0,0,-0.030830302945089153,0.0,,,,True,0,80520,1492344,,
100,/media/yuan/新加卷1/RUNS/runs/stage8/stage8h_contact_relation_and_profile_path_audit_20260613/flat/cap_theta030_wall020_stage8h_mode0/output/case_VTK_P00_00000100.vti,128x96x128,WallStage8VectorDeltaRawMag,False,0,0,0,0,0.0,0.030830302945089153,,,,True,0,80520,1492344,,
100,/media/yuan/新加卷1/RUNS/runs/stage8/stage8h_contact_relation_and_profile_path_audit_20260613/flat/cap_theta030_wall020_stage8h_mode0/output/case_VTK_P00_00000100.vti,128x96x128,WallStage8VectorDeltaLimitedMag,False,0,0,0,0,0.0,0.030830302945089153,,,,True,0,80520,1492344,,
100,/media/yuan/新加卷1/RUNS/runs/stage8/stage8h_contact_relation_and_profile_path_audit_20260613/flat/cap_theta030_wall020_stage8h_mode0/output/case_VTK_P00_00000100.vti,128x96x128,WallStage8NormalLimiterHit,False,0,0,0,0,0.0,0.0,,,,True,0,80520,1492344,,
100,/media/yuan/新加卷1/RUNS/runs/stage8/stage8h_contact_relation_and_profile_path_audit_20260613/flat/cap_theta030_wall020_stage8h_mode0/output/case_VTK_P00_00000100.vti,128x96x128,WallStage8VectorLimiterHit,False,0,0,0,0,0.0,0.0,,,,True,0,80520,1492344,,
100,/media/yuan/新加卷1/RUNS/runs/stage8/stage8h_contact_relation_and_profile_path_audit_20260613/flat/cap_theta030_wall020_stage8h_mode0/output/case_VTK_P00_00000100.vti,128x96x128,WallStage8LimiterRatio,False,0,0,0,0,1.0,1.0,,,,True,0,80520,1492344,,
100,/media/yuan/新加卷1/RUNS/runs/stage8/stage8h_contact_relation_and_profile_path_audit_20260613/flat/cap_theta030_wall020_stage8h_mode0/output/case_VTK_P00_00000100.vti,128x96x128,WallStage8RegionTag,False,0,0,0,0,0.0,0.0,,,,True,0,80520,1492344,,
100,/media/yuan/新加卷1/RUNS/runs/stage8/stage8h_contact_relation_and_profile_path_audit_20260613/flat/cap_theta030_wall020_stage8h_mode0/output/case_VTK_P00_00000100.vti,128x96x128,WallStage8SphereRadialDot,False,0,0,0,0,0.0,0.0,,,,True,0,80520,1492344,,
100,/media/yuan/新加卷1/RUNS/runs/stage8/stage8h_contact_relation_and_profile_path_audit_20260613/flat/cap_theta030_wall020_stage8h_mode0/output/case_VTK_P00_00000100.vti,128x96x128,WallStage8ContactBandTag,False,0,0,0,0,0.0,7.0,,,,True,0,80520,1492344,,
100,/media/yuan/新加卷1/RUNS/runs/stage8/stage8h_contact_relation_and_profile_path_audit_20260613/flat/cap_theta030_wall020_stage8h_mode0/output/case_VTK_P00_00000100.vti,128x96x128,WallStage8eDnRaw,False,0,0,0,0,-0.030830302945119986,0.0,,,,True,0,80520,1492344,,
100,/media/yuan/新加卷1/RUNS/runs/stage8/stage8h_contact_relation_and_profile_path_audit_20260613/flat/cap_theta030_wall020_stage8h_mode0/output/case_VTK_P00_00000100.vti,128x96x128,WallStage8eDnTry,False,0,0,0,0,-0.030830302945089153,0.0,,,,True,0,80520,1492344,,
100,/media/yuan/新加卷1/RUNS/runs/stage8/stage8h_contact_relation_and_profile_path_audit_20260613/flat/cap_theta030_wall020_stage8h_mode0/output/case_VTK_P00_00000100.vti,128x96x128,WallStage8eDnLimited,False,0,0,0,0,-0.030830302945089153,0.0,,,,True,0,80520,1492344,,
100,/media/yuan/新加卷1/RUNS/runs/stage8/stage8h_contact_relation_and_profile_path_audit_20260613/flat/cap_theta030_wall020_stage8h_mode0/output/case_VTK_P00_00000100.vti,128x96x128,WallStage8eAbsCap,False,0,0,0,0,0.0,0.05,,,,True,0,80520,1492344,,
100,/media/yuan/新加卷1/RUNS/runs/stage8/stage8h_contact_relation_and_profile_path_audit_20260613/flat/cap_theta030_wall020_stage8h_mode0/output/case_VTK_P00_00000100.vti,128x96x128,WallStage8eRatioCap,False,0,0,0,0,0.0,0.0756829287829961,,,,True,0,80520,1492344,,
100,/media/yuan/新加卷1/RUNS/runs/stage8/stage8h_contact_relation_and_profile_path_audit_20260613/flat/cap_theta030_wall020_stage8h_mode0/output/case_VTK_P00_00000100.vti,128x96x128,WallStage8eEffectiveCap,False,0,0,0,0,0.0,0.05,,,,True,0,80520,1492344,,
100,/media/yuan/新加卷1/RUNS/runs/stage8/stage8h_contact_relation_and_profile_path_audit_20260613/flat/cap_theta030_wall020_stage8h_mode0/output/case_VTK_P00_00000100.vti,128x96x128,WallStage8eCapSource,False,0,0,0,0,0.0,6.0,,,,True,0,80520,1492344,,
100,/media/yuan/新加卷1/RUNS/runs/stage8/stage8h_contact_relation_and_profile_path_audit_20260613/flat/cap_theta030_wall020_stage8h_mode0/output/case_VTK_P00_00000100.vti,128x96x128,WallStage8eCapDemandRatio,False,0,0,0,0,0.0,0.8710351392788389,,,,True,0,80520,1492344,,
100,/media/yuan/新加卷1/RUNS/runs/stage8/stage8h_contact_relation_and_profile_path_audit_20260613/flat/cap_theta030_wall020_stage8h_mode0/output/case_VTK_P00_00000100.vti,128x96x128,WallStage8eNormalRawAbs,False,0,0,0,0,0.0,0.1513658575659922,,,,True,0,80520,1492344,,
100,/media/yuan/新加卷1/RUNS/runs/stage8/stage8h_contact_relation_and_profile_path_audit_20260613/flat/cap_theta030_wall020_stage8h_mode0/output/case_VTK_P00_00000100.vti,128x96x128,WallStage8eTargetNormalAbs,False,0,0,0,0,0.0,0.17633217879714919,,,,True,0,80520,1492344,,
100,/media/yuan/新加卷1/RUNS/runs/stage8/stage8h_contact_relation_and_profile_path_audit_20260613/flat/cap_theta030_wall020_stage8h_mode0/output/case_VTK_P00_00000100.vti,128x96x128,WallStage8eTargetMinusRawAbs,False,0,0,0,0,0.0,0.030830302945119986,,,,True,0,80520,1492344,,
100,/media/yuan/新加卷1/RUNS/runs/stage8/stage8h_contact_relation_and_profile_path_audit_20260613/flat/cap_theta030_wall020_stage8h_mode0/output/case_VTK_P00_00000100.vti,128x96x128,WallStage8eSmoothWeightC,False,0,0,0,0,0.0,1.0,,,,True,0,80520,1492344,,
100,/media/yuan/新加卷1/RUNS/runs/stage8/stage8h_contact_relation_and_profile_path_audit_20260613/flat/cap_theta030_wall020_stage8h_mode0/output/case_VTK_P00_00000100.vti,128x96x128,WallStage8eSmoothWeightG,False,0,0,0,0,0.0,1.0,,,,True,0,80520,1492344,,
100,/media/yuan/新加卷1/RUNS/runs/stage8/stage8h_contact_relation_and_profile_path_audit_20260613/flat/cap_theta030_wall020_stage8h_mode0/output/case_VTK_P00_00000100.vti,128x96x128,WallStage8eSmoothWeightT,False,0,0,0,0,0.0,1.0,,,,True,0,80520,1492344,,
100,/media/yuan/新加卷1/RUNS/runs/stage8/stage8h_contact_relation_and_profile_path_audit_20260613/flat/cap_theta030_wall020_stage8h_mode0/output/case_VTK_P00_00000100.vti,128x96x128,WallStage8eSmoothWeightTotal,False,0,0,0,0,0.0,1.0,,,,True,0,80520,1492344,,
100,/media/yuan/新加卷1/RUNS/runs/stage8/stage8h_contact_relation_and_profile_path_audit_20260613/flat/cap_theta030_wall020_stage8h_mode0/output/case_VTK_P00_00000100.vti,128x96x128,WallStage8eTanCoeffTimesTangent,False,0,0,0,0,0.0,0.17633217879714919,,,,True,0,80520,1492344,,
100,/media/yuan/新加卷1/RUNS/runs/stage8/stage8h_contact_relation_and_profile_path_audit_20260613/flat/cap_theta030_wall020_stage8h_mode0/output/case_VTK_P00_00000100.vti,128x96x128,WallStage8eLimiterClass,False,0,0,0,0,-1.0,0.0,,,,True,0,80520,1492344,,
100,/media/yuan/新加卷1/RUNS/runs/stage8/stage8h_contact_relation_and_profile_path_audit_20260613/flat/cap_theta030_wall020_stage8h_mode0/output/case_VTK_P00_00000100.vti,128x96x128,WallStage8eWallProfileConflict,False,0,0,0,0,0.0,0.0,,,,True,0,80520,1492344,,
100,/media/yuan/新加卷1/RUNS/runs/stage8/stage8h_contact_relation_and_profile_path_audit_20260613/flat/cap_theta030_wall020_stage8h_mode0/output/case_VTK_P00_00000100.vti,128x96x128,WallStage8gMode,False,0,0,0,0,3.0,3.0,,,,True,0,80520,1492344,,
100,/media/yuan/新加卷1/RUNS/runs/stage8/stage8h_contact_relation_and_profile_path_audit_20260613/flat/cap_theta030_wall020_stage8h_mode0/output/case_VTK_P00_00000100.vti,128x96x128,WallStage8gScaleRawNormal,False,0,0,0,0,0.0,0.1513658575659922,,,,True,0,80520,1492344,,
100,/media/yuan/新加卷1/RUNS/runs/stage8/stage8h_contact_relation_and_profile_path_audit_20260613/flat/cap_theta030_wall020_stage8h_mode0/output/case_VTK_P00_00000100.vti,128x96x128,WallStage8gScaleTarget,False,0,0,0,0,0.0,0.08816608939857459,,,,True,0,80520,1492344,,
100,/media/yuan/新加卷1/RUNS/runs/stage8/stage8h_contact_relation_and_profile_path_audit_20260613/flat/cap_theta030_wall020_stage8h_mode0/output/case_VTK_P00_00000100.vti,128x96x128,WallStage8gScaleTangent,False,0,0,0,0,0.0,0.03893052851469007,,,,True,0,80520,1492344,,
100,/media/yuan/新加卷1/RUNS/runs/stage8/stage8h_contact_relation_and_profile_path_audit_20260613/flat/cap_theta030_wall020_stage8h_mode0/output/case_VTK_P00_00000100.vti,128x96x128,WallStage8gScaleFloor,False,0,0,0,0,0.0,0.02,,,,True,0,80520,1492344,,
100,/media/yuan/新加卷1/RUNS/runs/stage8/stage8h_contact_relation_and_profile_path_audit_20260613/flat/cap_theta030_wall020_stage8h_mode0/output/case_VTK_P00_00000100.vti,128x96x128,WallStage8gEffectiveScale,False,0,0,0,0,0.0,0.1513658575659922,,,,True,0,80520,1492344,,
100,/media/yuan/新加卷1/RUNS/runs/stage8/stage8h_contact_relation_and_profile_path_audit_20260613/flat/cap_theta030_wall020_stage8h_mode0/output/case_VTK_P00_00000100.vti,128x96x128,WallStage8gTanRaw,False,0,0,0,0,-1.7948968977776758e-09,2.747477404110712,,,,True,0,80520,1492344,,
100,/media/yuan/新加卷1/RUNS/runs/stage8/stage8h_contact_relation_and_profile_path_audit_20260613/flat/cap_theta030_wall020_stage8h_mode0/output/case_VTK_P00_00000100.vti,128x96x128,WallStage8gTanEff,False,0,0,0,0,-1.7948968977776758e-09,2.2647031202082437,,,,True,0,80520,1492344,,
100,/media/yuan/新加卷1/RUNS/runs/stage8/stage8h_contact_relation_and_profile_path_audit_20260613/flat/cap_theta030_wall020_stage8h_mode0/output/case_VTK_P00_00000100.vti,128x96x128,WallStage8gRegularizationRatio,False,0,0,0,0,0.8242845298089977,1.0,,,,True,0,80520,1492344,,
100,/media/yuan/新加卷1/RUNS/runs/stage8/stage8h_contact_relation_and_profile_path_audit_20260613/flat/cap_theta030_wall020_stage8h_mode0/output/case_VTK_P00_00000100.vti,128x96x128,WallStage8gCapSource,False,0,0,0,0,0.0,6.0,,,,True,0,80520,1492344,,
100,/media/yuan/新加卷1/RUNS/runs/stage8/stage8h_contact_relation_and_profile_path_audit_20260613/flat/cap_theta030_wall020_stage8h_mode0/output/case_VTK_P00_00000100.vti,128x96x128,WallStage8gCapDemandRatio,False,0,0,0,0,0.0,0.8710351392788389,,,,True,0,80520,1492344,,
100,/media/yuan/新加卷1/RUNS/runs/stage8/stage8h_contact_relation_and_profile_path_audit_20260613/flat/cap_theta030_wall020_stage8h_mode0/output/case_VTK_P00_00000100.vti,128x96x128,WallStage8gProfileTargetMismatch,False,0,0,0,0,0.0,0.06683916102027776,,,,True,0,80520,1492344,,
100,/media/yuan/新加卷1/RUNS/runs/stage8/stage8h_contact_relation_and_profile_path_audit_20260613/flat/cap_theta030_wall020_stage8h_mode0/output/case_VTK_P00_00000100.vti,128x96x128,WallStage8gProfileConflictSign,False,0,0,0,0,0.0,1.0,,,,True,0,80520,1492344,,
100,/media/yuan/新加卷1/RUNS/runs/stage8/stage8h_contact_relation_and_profile_path_audit_20260613/flat/cap_theta030_wall020_stage8h_mode0/output/case_VTK_P00_00000100.vti,128x96x128,WallStage8gWriteAllowedFlag,False,0,0,0,0,0.0,0.0,,,,True,0,80520,1492344,,
100,/media/yuan/新加卷1/RUNS/runs/stage8/stage8h_contact_relation_and_profile_path_audit_20260613/flat/cap_theta030_wall020_stage8h_mode0/output/case_VTK_P00_00000100.vti,128x96x128,WallStage8hMode,False,0,0,0,0,0.0,0.0,,,,True,0,80520,1492344,,
100,/media/yuan/新加卷1/RUNS/runs/stage8/stage8h_contact_relation_and_profile_path_audit_20260613/flat/cap_theta030_wall020_stage8h_mode0/output/case_VTK_P00_00000100.vti,128x96x128,WallStage8hActualCos,False,0,0,0,0,-0.9044325899733763,0.0,,,,True,0,80520,1492344,,
100,/media/yuan/新加卷1/RUNS/runs/stage8/stage8h_contact_relation_and_profile_path_audit_20260613/flat/cap_theta030_wall020_stage8h_mode0/output/case_VTK_P00_00000100.vti,128x96x128,WallStage8hTargetCos,False,0,0,0,0,-0.9396926207859083,0.0,,,,True,0,80520,1492344,,
100,/media/yuan/新加卷1/RUNS/runs/stage8/stage8h_contact_relation_and_profile_path_audit_20260613/flat/cap_theta030_wall020_stage8h_mode0/output/case_VTK_P00_00000100.vti,128x96x128,WallStage8hResidualCos,False,0,0,0,0,-0.1159650106642367,0.0,,,,True,0,80520,1492344,,
100,/media/yuan/新加卷1/RUNS/runs/stage8/stage8h_contact_relation_and_profile_path_audit_20260613/flat/cap_theta030_wall020_stage8h_mode0/output/case_VTK_P00_00000100.vti,128x96x128,WallStage8hDnTanRaw,False,0,0,0,0,-0.030830302945119986,0.0,,,,True,0,80520,1492344,,
100,/media/yuan/新加卷1/RUNS/runs/stage8/stage8h_contact_relation_and_profile_path_audit_20260613/flat/cap_theta030_wall020_stage8h_mode0/output/case_VTK_P00_00000100.vti,128x96x128,WallStage8hDnCosRaw,False,0,0,0,0,-0.009235481637583849,0.0,,,,True,0,80520,1492344,,
100,/media/yuan/新加卷1/RUNS/runs/stage8/stage8h_contact_relation_and_profile_path_audit_20260613/flat/cap_theta030_wall020_stage8h_mode0/output/case_VTK_P00_00000100.vti,128x96x128,WallStage8hDnRelaxed,False,0,0,0,0,-0.030830302945089153,0.0,,,,True,0,80520,1492344,,
100,/media/yuan/新加卷1/RUNS/runs/stage8/stage8h_contact_relation_and_profile_path_audit_20260613/flat/cap_theta030_wall020_stage8h_mode0/output/case_VTK_P00_00000100.vti,128x96x128,WallStage8hBetaRelaxation,False,0,0,0,0,0.0,0.25,,,,True,0,80520,1492344,,
100,/media/yuan/新加卷1/RUNS/runs/stage8/stage8h_contact_relation_and_profile_path_audit_20260613/flat/cap_theta030_wall020_stage8h_mode0/output/case_VTK_P00_00000100.vti,128x96x128,WallStage8hBetaSource,False,0,0,0,0,0.0,1.0,,,,True,0,80520,1492344,,
100,/media/yuan/新加卷1/RUNS/runs/stage8/stage8h_contact_relation_and_profile_path_audit_20260613/flat/cap_theta030_wall020_stage8h_mode0/output/case_VTK_P00_00000100.vti,128x96x128,WallStage8hProfileNormal,False,0,0,0,0,-0.11406036866294983,0.0,,,,True,0,80520,1492344,,
100,/media/yuan/新加卷1/RUNS/runs/stage8/stage8h_contact_relation_and_profile_path_audit_20260613/flat/cap_theta030_wall020_stage8h_mode0/output/case_VTK_P00_00000100.vti,128x96x128,WallStage8hProfileTargetMismatch,False,0,0,0,0,0.0,0.06683916102027776,,,,True,0,80520,1492344,,
100,/media/yuan/新加卷1/RUNS/runs/stage8/stage8h_contact_relation_and_profile_path_audit_20260613/flat/cap_theta030_wall020_stage8h_mode0/output/case_VTK_P00_00000100.vti,128x96x128,WallStage8hProfileConsistencyWeight,False,0,0,0,0,0.42793871133088984,1.0,,,,True,0,80520,1492344,,
100,/media/yuan/新加卷1/RUNS/runs/stage8/stage8h_contact_relation_and_profile_path_audit_20260613/flat/cap_theta030_wall020_stage8h_mode0/output/case_VTK_P00_00000100.vti,128x96x128,WallStage8hCandidateDemandRatio,False,0,0,0,0,0.0,0.8710351392788389,,,,True,0,80520,1492344,,
100,/media/yuan/新加卷1/RUNS/runs/stage8/stage8h_contact_relation_and_profile_path_audit_20260613/flat/cap_theta030_wall020_stage8h_mode0/output/case_VTK_P00_00000100.vti,128x96x128,WallStage8hCandidateNormalDelta,False,0,0,0,0,-0.030830302945089153,0.0,,,,True,0,80520,1492344,,
100,/media/yuan/新加卷1/RUNS/runs/stage8/stage8h_contact_relation_and_profile_path_audit_20260613/flat/cap_theta030_wall020_stage8h_mode0/output/case_VTK_P00_00000100.vti,128x96x128,WallStage8hLimiterEquivalent,False,0,0,0,0,0.0,0.0,,,,True,0,80520,1492344,,
100,/media/yuan/新加卷1/RUNS/runs/stage8/stage8h_contact_relation_and_profile_path_audit_20260613/flat/cap_theta030_wall020_stage8h_mode0/output/case_VTK_P00_00000100.vti,128x96x128,WallStage8hCosToTanRatio,False,0,0,0,0,0.0,0.5712229375358655,,,,True,0,80520,1492344,,
100,/media/yuan/新加卷1/RUNS/runs/stage8/stage8h_contact_relation_and_profile_path_audit_20260613/flat/cap_theta030_wall020_stage8h_mode0/output/case_VTK_P00_00000100.vti,128x96x128,WallStage8hEffectiveCap,False,0,0,0,0,0.0,0.05,,,,True,0,80520,1492344,,
100,/media/yuan/新加卷1/RUNS/runs/stage8/stage8h_contact_relation_and_profile_path_audit_20260613/flat/cap_theta030_wall020_stage8h_mode0/output/case_VTK_P00_00000100.vti,128x96x128,WallStage8hWriteAllowedFlag,False,0,0,0,0,0.0,0.0,,,,True,0,80520,1492344,,
1000,/media/yuan/新加卷1/RUNS/runs/stage8/stage8h_contact_relation_and_profile_path_audit_20260613/flat/cap_theta030_wall020_stage8h_mode0/output/case_VTK_P00_00001000.vti,128x96x128,PhaseField,False,0,0,0,0,6.206027625531387e-15,0.9998776313832212,,,49676,True,0,80520,1492344,,
1000,/media/yuan/新加卷1/RUNS/runs/stage8/stage8h_contact_relation_and_profile_path_audit_20260613/flat/cap_theta030_wall020_stage8h_mode0/output/case_VTK_P00_00001000.vti,128x96x128,U,False,0,0,0,0,-4.343977221869936e-06,4.3439772218698085e-06,,,,True,0,80520,1492344,4.372975398535143e-06,4.508037702335021e-07
1000,/media/yuan/新加卷1/RUNS/runs/stage8/stage8h_contact_relation_and_profile_path_audit_20260613/flat/cap_theta030_wall020_stage8h_mode0/output/case_VTK_P00_00001000.vti,128x96x128,P,False,0,0,0,0,-1.0552185231695763e-07,1.084953988335864e-06,,,,True,0,80520,1492344,,
1000,/media/yuan/新加卷1/RUNS/runs/stage8/stage8h_contact_relation_and_profile_path_audit_20260613/flat/cap_theta030_wall020_stage8h_mode0/output/case_VTK_P00_00001000.vti,128x96x128,Rho,False,0,0,0,0,0.0,0.9997662712495682,,,,True,0,80520,1492344,,
1000,/media/yuan/新加卷1/RUNS/runs/stage8/stage8h_contact_relation_and_profile_path_audit_20260613/flat/cap_theta030_wall020_stage8h_mode0/output/case_VTK_P00_00001000.vti,128x96x128,BOUNDARY,False,0,0,0,0,0.0,16.0,,,,True,0,80520,1492344,,
1000,/media/yuan/新加卷1/RUNS/runs/stage8/stage8h_contact_relation_and_profile_path_audit_20260613/flat/cap_theta030_wall020_stage8h_mode0/output/case_VTK_P00_00001000.vti,128x96x128,WallStage8GradMode,False,0,0,0,0,1.0,1.0,,,,True,0,80520,1492344,,
1000,/media/yuan/新加卷1/RUNS/runs/stage8/stage8h_contact_relation_and_profile_path_audit_20260613/flat/cap_theta030_wall020_stage8h_mode0/output/case_VTK_P00_00001000.vti,128x96x128,WallStage8ActiveWeight,False,0,0,0,0,0.0,1.0,,,,True,0,80520,1492344,,
1000,/media/yuan/新加卷1/RUNS/runs/stage8/stage8h_contact_relation_and_profile_path_audit_20260613/flat/cap_theta030_wall020_stage8h_mode0/output/case_VTK_P00_00001000.vti,128x96x128,WallStage8NormalGradRaw,False,0,0,0,0,-0.15271032176245924,0.0003068153453945526,,,,True,0,80520,1492344,,
1000,/media/yuan/新加卷1/RUNS/runs/stage8/stage8h_contact_relation_and_profile_path_audit_20260613/flat/cap_theta030_wall020_stage8h_mode0/output/case_VTK_P00_00001000.vti,128x96x128,WallStage8NormalGradTarget,False,0,0,0,0,-0.16987687344224436,1.162448491610096e-11,,,,True,0,80520,1492344,,
1000,/media/yuan/新加卷1/RUNS/runs/stage8/stage8h_contact_relation_and_profile_path_audit_20260613/flat/cap_theta030_wall020_stage8h_mode0/output/case_VTK_P00_00001000.vti,128x96x128,WallStage8ContactResidual,False,0,0,0,0,-0.060247681922682705,0.3602814996464116,,,,True,0,80520,1492344,,
1000,/media/yuan/新加卷1/RUNS/runs/stage8/stage8h_contact_relation_and_profile_path_audit_20260613/flat/cap_theta030_wall020_stage8h_mode0/output/case_VTK_P00_00001000.vti,128x96x128,WallStage8TangentGradMag,False,0,0,0,0,0.0,0.07501065898060133,,,,True,0,80520,1492344,,
1000,/media/yuan/新加卷1/RUNS/runs/stage8/stage8h_contact_relation_and_profile_path_audit_20260613/flat/cap_theta030_wall020_stage8h_mode0/output/case_VTK_P00_00001000.vti,128x96x128,WallStage8TargetCos,False,0,0,0,0,-0.9396926207859083,3.8285686989269494e-16,,,,True,0,80520,1492344,,
1000,/media/yuan/新加卷1/RUNS/runs/stage8/stage8h_contact_relation_and_profile_path_audit_20260613/flat/cap_theta030_wall020_stage8h_mode0/output/case_VTK_P00_00001000.vti,128x96x128,WallStage8GradWriteDeltaMag,False,0,0,0,0,0.0,0.021116461166454634,,,,True,0,80520,1492344,,
1000,/media/yuan/新加卷1/RUNS/runs/stage8/stage8h_contact_relation_and_profile_path_audit_20260613/flat/cap_theta030_wall020_stage8h_mode0/output/case_VTK_P00_00001000.vti,128x96x128,WallStage8LimiterReason,False,0,0,0,0,0.0,28.0,,,,True,0,80520,1492344,,
1000,/media/yuan/新加卷1/RUNS/runs/stage8/stage8h_contact_relation_and_profile_path_audit_20260613/flat/cap_theta030_wall020_stage8h_mode0/output/case_VTK_P00_00001000.vti,128x96x128,WallStage8LocalWallAngle,False,0,0,0,0,0.0,1.5707963267948966,,,,True,0,80520,1492344,,
1000,/media/yuan/新加卷1/RUNS/runs/stage8/stage8h_contact_relation_and_profile_path_audit_20260613/flat/cap_theta030_wall020_stage8h_mode0/output/case_VTK_P00_00001000.vti,128x96x128,WallStage8FluidWallAngle,False,0,0,0,0,0.0,1.570796326794897,,,,True,0,80520,1492344,,
1000,/media/yuan/新加卷1/RUNS/runs/stage8/stage8h_contact_relation_and_profile_path_audit_20260613/flat/cap_theta030_wall020_stage8h_mode0/output/case_VTK_P00_00001000.vti,128x96x128,WallStage8FluidWallDataCount,False,0,0,0,0,0.0,19.0,,,,True,0,80520,1492344,,
1000,/media/yuan/新加卷1/RUNS/runs/stage8/stage8h_contact_relation_and_profile_path_audit_20260613/flat/cap_theta030_wall020_stage8h_mode0/output/case_VTK_P00_00001000.vti,128x96x128,WallStage8GradCandidateUse,False,0,0,0,0,0.0,1.0,,,,True,0,80520,1492344,,
1000,/media/yuan/新加卷1/RUNS/runs/stage8/stage8h_contact_relation_and_profile_path_audit_20260613/flat/cap_theta030_wall020_stage8h_mode0/output/case_VTK_P00_00001000.vti,128x96x128,WallStage8NormalAgreement,False,0,0,0,0,0.0,1.0000000000000002,,,,True,0,80520,1492344,,
1000,/media/yuan/新加卷1/RUNS/runs/stage8/stage8h_contact_relation_and_profile_path_audit_20260613/flat/cap_theta030_wall020_stage8h_mode0/output/case_VTK_P00_00001000.vti,128x96x128,WallStage8UsedGeomNormal,False,0,0,0,0,0.0,1.0,,,,True,0,80520,1492344,,
1000,/media/yuan/新加卷1/RUNS/runs/stage8/stage8h_contact_relation_and_profile_path_audit_20260613/flat/cap_theta030_wall020_stage8h_mode0/output/case_VTK_P00_00001000.vti,128x96x128,WallStage8TanCoeffLocal,False,0,0,0,0,-1.7948968977776758e-09,2.2647031202082437,,,,True,0,80520,1492344,,
1000,/media/yuan/新加卷1/RUNS/runs/stage8/stage8h_contact_relation_and_profile_path_audit_20260613/flat/cap_theta030_wall020_stage8h_mode0/output/case_VTK_P00_00001000.vti,128x96x128,WallStage8ThetaLocal,False,0,0,0,0,0.0,1.570796326794897,,,,True,0,80520,1492344,,
1000,/media/yuan/新加卷1/RUNS/runs/stage8/stage8h_contact_relation_and_profile_path_audit_20260613/flat/cap_theta030_wall020_stage8h_mode0/output/case_VTK_P00_00001000.vti,128x96x128,WallStage8PhaseC,False,0,0,0,0,0.0,0.9997660372868551,,,,True,0,80520,1492344,,
1000,/media/yuan/新加卷1/RUNS/runs/stage8/stage8h_contact_relation_and_profile_path_audit_20260613/flat/cap_theta030_wall020_stage8h_mode0/output/case_VTK_P00_00001000.vti,128x96x128,WallStage8GradMagRaw,False,0,0,0,0,0.0,0.1701028945817279,,,,True,0,80520,1492344,,
1000,/media/yuan/新加卷1/RUNS/runs/stage8/stage8h_contact_relation_and_profile_path_audit_20260613/flat/cap_theta030_wall020_stage8h_mode0/output/case_VTK_P00_00001000.vti,128x96x128,WallStage8TangentGradRaw,False,0,0,0,0,0.0,0.07501065898060133,,,,True,0,80520,1492344,,
1000,/media/yuan/新加卷1/RUNS/runs/stage8/stage8h_contact_relation_and_profile_path_audit_20260613/flat/cap_theta030_wall020_stage8h_mode0/output/case_VTK_P00_00001000.vti,128x96x128,WallStage8TargetNormalGrad,False,0,0,0,0,-0.16987687344224436,1.162448491610096e-11,,,,True,0,80520,1492344,,
1000,/media/yuan/新加卷1/RUNS/runs/stage8/stage8h_contact_relation_and_profile_path_audit_20260613/flat/cap_theta030_wall020_stage8h_mode0/output/case_VTK_P00_00001000.vti,128x96x128,WallStage8NormalDeltaRaw,False,0,0,0,0,-0.021116461166475753,0.0008600383649715829,,,,True,0,80520,1492344,,
1000,/media/yuan/新加卷1/RUNS/runs/stage8/stage8h_contact_relation_and_profile_path_audit_20260613/flat/cap_theta030_wall020_stage8h_mode0/output/case_VTK_P00_00001000.vti,128x96x128,WallStage8NormalDeltaLimited,False,0,0,0,0,-0.021116461166454634,4.708893825224167e-06,,,,True,0,80520,1492344,,
1000,/media/yuan/新加卷1/RUNS/runs/stage8/stage8h_contact_relation_and_profile_path_audit_20260613/flat/cap_theta030_wall020_stage8h_mode0/output/case_VTK_P00_00001000.vti,128x96x128,WallStage8VectorDeltaRawMag,False,0,0,0,0,0.0,0.021116461166454634,,,,True,0,80520,1492344,,
1000,/media/yuan/新加卷1/RUNS/runs/stage8/stage8h_contact_relation_and_profile_path_audit_20260613/flat/cap_theta030_wall020_stage8h_mode0/output/case_VTK_P00_00001000.vti,128x96x128,WallStage8VectorDeltaLimitedMag,False,0,0,0,0,0.0,0.021116461166454634,,,,True,0,80520,1492344,,
1000,/media/yuan/新加卷1/RUNS/runs/stage8/stage8h_contact_relation_and_profile_path_audit_20260613/flat/cap_theta030_wall020_stage8h_mode0/output/case_VTK_P00_00001000.vti,128x96x128,WallStage8NormalLimiterHit,False,0,0,0,0,0.0,0.0,,,,True,0,80520,1492344,,
1000,/media/yuan/新加卷1/RUNS/runs/stage8/stage8h_contact_relation_and_profile_path_audit_20260613/flat/cap_theta030_wall020_stage8h_mode0/output/case_VTK_P00_00001000.vti,128x96x128,WallStage8VectorLimiterHit,False,0,0,0,0,0.0,0.0,,,,True,0,80520,1492344,,
1000,/media/yuan/新加卷1/RUNS/runs/stage8/stage8h_contact_relation_and_profile_path_audit_20260613/flat/cap_theta030_wall020_stage8h_mode0/output/case_VTK_P00_00001000.vti,128x96x128,WallStage8LimiterRatio,False,0,0,0,0,1.0,1.0,,,,True,0,80520,1492344,,
1000,/media/yuan/新加卷1/RUNS/runs/stage8/stage8h_contact_relation_and_profile_path_audit_20260613/flat/cap_theta030_wall020_stage8h_mode0/output/case_VTK_P00_00001000.vti,128x96x128,WallStage8RegionTag,False,0,0,0,0,0.0,0.0,,,,True,0,80520,1492344,,
1000,/media/yuan/新加卷1/RUNS/runs/stage8/stage8h_contact_relation_and_profile_path_audit_20260613/flat/cap_theta030_wall020_stage8h_mode0/output/case_VTK_P00_00001000.vti,128x96x128,WallStage8SphereRadialDot,False,0,0,0,0,0.0,0.0,,,,True,0,80520,1492344,,
1000,/media/yuan/新加卷1/RUNS/runs/stage8/stage8h_contact_relation_and_profile_path_audit_20260613/flat/cap_theta030_wall020_stage8h_mode0/output/case_VTK_P00_00001000.vti,128x96x128,WallStage8ContactBandTag,False,0,0,0,0,0.0,7.0,,,,True,0,80520,1492344,,
1000,/media/yuan/新加卷1/RUNS/runs/stage8/stage8h_contact_relation_and_profile_path_audit_20260613/flat/cap_theta030_wall020_stage8h_mode0/output/case_VTK_P00_00001000.vti,128x96x128,WallStage8eDnRaw,False,0,0,0,0,-0.021116461166475753,0.0008600383649715829,,,,True,0,80520,1492344,,
1000,/media/yuan/新加卷1/RUNS/runs/stage8/stage8h_contact_relation_and_profile_path_audit_20260613/flat/cap_theta030_wall020_stage8h_mode0/output/case_VTK_P00_00001000.vti,128x96x128,WallStage8eDnTry,False,0,0,0,0,-0.021116461166454634,4.708893825224167e-06,,,,True,0,80520,1492344,,
1000,/media/yuan/新加卷1/RUNS/runs/stage8/stage8h_contact_relation_and_profile_path_audit_20260613/flat/cap_theta030_wall020_stage8h_mode0/output/case_VTK_P00_00001000.vti,128x96x128,WallStage8eDnLimited,False,0,0,0,0,-0.021116461166454634,4.708893825224167e-06,,,,True,0,80520,1492344,,
1000,/media/yuan/新加卷1/RUNS/runs/stage8/stage8h_contact_relation_and_profile_path_audit_20260613/flat/cap_theta030_wall020_stage8h_mode0/output/case_VTK_P00_00001000.vti,128x96x128,WallStage8eAbsCap,False,0,0,0,0,0.0,0.05,,,,True,0,80520,1492344,,
1000,/media/yuan/新加卷1/RUNS/runs/stage8/stage8h_contact_relation_and_profile_path_audit_20260613/flat/cap_theta030_wall020_stage8h_mode0/output/case_VTK_P00_00001000.vti,128x96x128,WallStage8eRatioCap,False,0,0,0,0,0.0,0.07635516088122962,,,,True,0,80520,1492344,,
1000,/media/yuan/新加卷1/RUNS/runs/stage8/stage8h_contact_relation_and_profile_path_audit_20260613/flat/cap_theta030_wall020_stage8h_mode0/output/case_VTK_P00_00001000.vti,128x96x128,WallStage8eEffectiveCap,False,0,0,0,0,0.0,0.05,,,,True,0,80520,1492344,,
1000,/media/yuan/新加卷1/RUNS/runs/stage8/stage8h_contact_relation_and_profile_path_audit_20260613/flat/cap_theta030_wall020_stage8h_mode0/output/case_VTK_P00_00001000.vti,128x96x128,WallStage8eCapSource,False,0,0,0,0,0.0,6.0,,,,True,0,80520,1492344,,
1000,/media/yuan/新加卷1/RUNS/runs/stage8/stage8h_contact_relation_and_profile_path_audit_20260613/flat/cap_theta030_wall020_stage8h_mode0/output/case_VTK_P00_00001000.vti,128x96x128,WallStage8eCapDemandRatio,False,0,0,0,0,0.0,0.6547674412159481,,,,True,0,80520,1492344,,
1000,/media/yuan/新加卷1/RUNS/runs/stage8/stage8h_contact_relation_and_profile_path_audit_20260613/flat/cap_theta030_wall020_stage8h_mode0/output/case_VTK_P00_00001000.vti,128x96x128,WallStage8eNormalRawAbs,False,0,0,0,0,0.0,0.15271032176245924,,,,True,0,80520,1492344,,
1000,/media/yuan/新加卷1/RUNS/runs/stage8/stage8h_contact_relation_and_profile_path_audit_20260613/flat/cap_theta030_wall020_stage8h_mode0/output/case_VTK_P00_00001000.vti,128x96x128,WallStage8eTargetNormalAbs,False,0,0,0,0,0.0,0.16987687344224436,,,,True,0,80520,1492344,,
1000,/media/yuan/新加卷1/RUNS/runs/stage8/stage8h_contact_relation_and_profile_path_audit_20260613/flat/cap_theta030_wall020_stage8h_mode0/output/case_VTK_P00_00001000.vti,128x96x128,WallStage8eTargetMinusRawAbs,False,0,0,0,0,0.0,0.021116461166475753,,,,True,0,80520,1492344,,
1000,/media/yuan/新加卷1/RUNS/runs/stage8/stage8h_contact_relation_and_profile_path_audit_20260613/flat/cap_theta030_wall020_stage8h_mode0/output/case_VTK_P00_00001000.vti,128x96x128,WallStage8eSmoothWeightC,False,0,0,0,0,0.0,1.0,,,,True,0,80520,1492344,,
1000,/media/yuan/新加卷1/RUNS/runs/stage8/stage8h_contact_relation_and_profile_path_audit_20260613/flat/cap_theta030_wall020_stage8h_mode0/output/case_VTK_P00_00001000.vti,128x96x128,WallStage8eSmoothWeightG,False,0,0,0,0,0.0,1.0,,,,True,0,80520,1492344,,
1000,/media/yuan/新加卷1/RUNS/runs/stage8/stage8h_contact_relation_and_profile_path_audit_20260613/flat/cap_theta030_wall020_stage8h_mode0/output/case_VTK_P00_00001000.vti,128x96x128,WallStage8eSmoothWeightT,False,0,0,0,0,0.0,1.0,,,,True,0,80520,1492344,,
1000,/media/yuan/新加卷1/RUNS/runs/stage8/stage8h_contact_relation_and_profile_path_audit_20260613/flat/cap_theta030_wall020_stage8h_mode0/output/case_VTK_P00_00001000.vti,128x96x128,WallStage8eSmoothWeightTotal,False,0,0,0,0,0.0,1.0,,,,True,0,80520,1492344,,
1000,/media/yuan/新加卷1/RUNS/runs/stage8/stage8h_contact_relation_and_profile_path_audit_20260613/flat/cap_theta030_wall020_stage8h_mode0/output/case_VTK_P00_00001000.vti,128x96x128,WallStage8eTanCoeffTimesTangent,False,0,0,0,0,0.0,0.16987687344224436,,,,True,0,80520,1492344,,
1000,/media/yuan/新加卷1/RUNS/runs/stage8/stage8h_contact_relation_and_profile_path_audit_20260613/flat/cap_theta030_wall020_stage8h_mode0/output/case_VTK_P00_00001000.vti,128x96x128,WallStage8eLimiterClass,False,0,0,0,0,-1.0,0.0,,,,True,0,80520,1492344,,
1000,/media/yuan/新加卷1/RUNS/runs/stage8/stage8h_contact_relation_and_profile_path_audit_20260613/flat/cap_theta030_wall020_stage8h_mode0/output/case_VTK_P00_00001000.vti,128x96x128,WallStage8eWallProfileConflict,False,0,0,0,0,0.0,0.0,,,,True,0,80520,1492344,,
1000,/media/yuan/新加卷1/RUNS/runs/stage8/stage8h_contact_relation_and_profile_path_audit_20260613/flat/cap_theta030_wall020_stage8h_mode0/output/case_VTK_P00_00001000.vti,128x96x128,WallStage8gMode,False,0,0,0,0,3.0,3.0,,,,True,0,80520,1492344,,
1000,/media/yuan/新加卷1/RUNS/runs/stage8/stage8h_contact_relation_and_profile_path_audit_20260613/flat/cap_theta030_wall020_stage8h_mode0/output/case_VTK_P00_00001000.vti,128x96x128,WallStage8gScaleRawNormal,False,0,0,0,0,0.0,0.15271032176245924,,,,True,0,80520,1492344,,
1000,/media/yuan/新加卷1/RUNS/runs/stage8/stage8h_contact_relation_and_profile_path_audit_20260613/flat/cap_theta030_wall020_stage8h_mode0/output/case_VTK_P00_00001000.vti,128x96x128,WallStage8gScaleTarget,False,0,0,0,0,0.0,0.08493843672112218,,,,True,0,80520,1492344,,
1000,/media/yuan/新加卷1/RUNS/runs/stage8/stage8h_contact_relation_and_profile_path_audit_20260613/flat/cap_theta030_wall020_stage8h_mode0/output/case_VTK_P00_00001000.vti,128x96x128,WallStage8gScaleTangent,False,0,0,0,0,0.0,0.037505329490300665,,,,True,0,80520,1492344,,
1000,/media/yuan/新加卷1/RUNS/runs/stage8/stage8h_contact_relation_and_profile_path_audit_20260613/flat/cap_theta030_wall020_stage8h_mode0/output/case_VTK_P00_00001000.vti,128x96x128,WallStage8gScaleFloor,False,0,0,0,0,0.0,0.02,,,,True,0,80520,1492344,,
1000,/media/yuan/新加卷1/RUNS/runs/stage8/stage8h_contact_relation_and_profile_path_audit_20260613/flat/cap_theta030_wall020_stage8h_mode0/output/case_VTK_P00_00001000.vti,128x96x128,WallStage8gEffectiveScale,False,0,0,0,0,0.0,0.15271032176245924,,,,True,0,80520,1492344,,
1000,/media/yuan/新加卷1/RUNS/runs/stage8/stage8h_contact_relation_and_profile_path_audit_20260613/flat/cap_theta030_wall020_stage8h_mode0/output/case_VTK_P00_00001000.vti,128x96x128,WallStage8gTanRaw,False,0,0,0,0,-1.7948968977776758e-09,2.747477404110712,,,,True,0,80520,1492344,,
1000,/media/yuan/新加卷1/RUNS/runs/stage8/stage8h_contact_relation_and_profile_path_audit_20260613/flat/cap_theta030_wall020_stage8h_mode0/output/case_VTK_P00_00001000.vti,128x96x128,WallStage8gTanEff,False,0,0,0,0,-1.7948968977776758e-09,2.2647031202082437,,,,True,0,80520,1492344,,
1000,/media/yuan/新加卷1/RUNS/runs/stage8/stage8h_contact_relation_and_profile_path_audit_20260613/flat/cap_theta030_wall020_stage8h_mode0/output/case_VTK_P00_00001000.vti,128x96x128,WallStage8gRegularizationRatio,False,0,0,0,0,0.8242845298089977,1.0,,,,True,0,80520,1492344,,
1000,/media/yuan/新加卷1/RUNS/runs/stage8/stage8h_contact_relation_and_profile_path_audit_20260613/flat/cap_theta030_wall020_stage8h_mode0/output/case_VTK_P00_00001000.vti,128x96x128,WallStage8gCapSource,False,0,0,0,0,0.0,6.0,,,,True,0,80520,1492344,,
1000,/media/yuan/新加卷1/RUNS/runs/stage8/stage8h_contact_relation_and_profile_path_audit_20260613/flat/cap_theta030_wall020_stage8h_mode0/output/case_VTK_P00_00001000.vti,128x96x128,WallStage8gCapDemandRatio,False,0,0,0,0,0.0,0.6547674412159481,,,,True,0,80520,1492344,,
1000,/media/yuan/新加卷1/RUNS/runs/stage8/stage8h_contact_relation_and_profile_path_audit_20260613/flat/cap_theta030_wall020_stage8h_mode0/output/case_VTK_P00_00001000.vti,128x96x128,WallStage8gProfileTargetMismatch,False,0,0,0,0,-0.002937828741947897,0.06266849975834611,,,,True,0,80520,1492344,,
1000,/media/yuan/新加卷1/RUNS/runs/stage8/stage8h_contact_relation_and_profile_path_audit_20260613/flat/cap_theta030_wall020_stage8h_mode0/output/case_VTK_P00_00001000.vti,128x96x128,WallStage8gProfileConflictSign,False,0,0,0,0,-1.0,1.0,,,,True,0,80520,1492344,,
1000,/media/yuan/新加卷1/RUNS/runs/stage8/stage8h_contact_relation_and_profile_path_audit_20260613/flat/cap_theta030_wall020_stage8h_mode0/output/case_VTK_P00_00001000.vti,128x96x128,WallStage8gWriteAllowedFlag,False,0,0,0,0,0.0,0.0,,,,True,0,80520,1492344,,
1000,/media/yuan/新加卷1/RUNS/runs/stage8/stage8h_contact_relation_and_profile_path_audit_20260613/flat/cap_theta030_wall020_stage8h_mode0/output/case_VTK_P00_00001000.vti,128x96x128,WallStage8hMode,False,0,0,0,0,0.0,0.0,,,,True,0,80520,1492344,,
1000,/media/yuan/新加卷1/RUNS/runs/stage8/stage8h_contact_relation_and_profile_path_audit_20260613/flat/cap_theta030_wall020_stage8h_mode0/output/case_VTK_P00_00001000.vti,128x96x128,WallStage8hActualCos,False,0,0,0,0,-0.9242638960713709,0.0,,,,True,0,80520,1492344,,
1000,/media/yuan/新加卷1/RUNS/runs/stage8/stage8h_contact_relation_and_profile_path_audit_20260613/flat/cap_theta030_wall020_stage8h_mode0/output/case_VTK_P00_00001000.vti,128x96x128,WallStage8hTargetCos,False,0,0,0,0,-0.9396926207859083,0.0,,,,True,0,80520,1492344,,
1000,/media/yuan/新加卷1/RUNS/runs/stage8/stage8h_contact_relation_and_profile_path_audit_20260613/flat/cap_theta030_wall020_stage8h_mode0/output/case_VTK_P00_00001000.vti,128x96x128,WallStage8hResidualCos,False,0,0,0,0,-0.09373224766732446,0.0,,,,True,0,80520,1492344,,
1000,/media/yuan/新加卷1/RUNS/runs/stage8/stage8h_contact_relation_and_profile_path_audit_20260613/flat/cap_theta030_wall020_stage8h_mode0/output/case_VTK_P00_00001000.vti,128x96x128,WallStage8hDnTanRaw,False,0,0,0,0,-0.021116461166475753,0.0008600383649715829,,,,True,0,80520,1492344,,
1000,/media/yuan/新加卷1/RUNS/runs/stage8/stage8h_contact_relation_and_profile_path_audit_20260613/flat/cap_theta030_wall020_stage8h_mode0/output/case_VTK_P00_00001000.vti,128x96x128,WallStage8hDnCosRaw,False,0,0,0,0,-0.00738736310591364,0.0,,,,True,0,80520,1492344,,
1000,/media/yuan/新加卷1/RUNS/runs/stage8/stage8h_contact_relation_and_profile_path_audit_20260613/flat/cap_theta030_wall020_stage8h_mode0/output/case_VTK_P00_00001000.vti,128x96x128,WallStage8hDnRelaxed,False,0,0,0,0,-0.021116461166454634,4.708893825224167e-06,,,,True,0,80520,1492344,,
1000,/media/yuan/新加卷1/RUNS/runs/stage8/stage8h_contact_relation_and_profile_path_audit_20260613/flat/cap_theta030_wall020_stage8h_mode0/output/case_VTK_P00_00001000.vti,128x96x128,WallStage8hBetaRelaxation,False,0,0,0,0,0.0,0.25,,,,True,0,80520,1492344,,
1000,/media/yuan/新加卷1/RUNS/runs/stage8/stage8h_contact_relation_and_profile_path_audit_20260613/flat/cap_theta030_wall020_stage8h_mode0/output/case_VTK_P00_00001000.vti,128x96x128,WallStage8hBetaSource,False,0,0,0,0,0.0,1.0,,,,True,0,80520,1492344,,
1000,/media/yuan/新加卷1/RUNS/runs/stage8/stage8h_contact_relation_and_profile_path_audit_20260613/flat/cap_theta030_wall020_stage8h_mode0/output/case_VTK_P00_00001000.vti,128x96x128,WallStage8hProfileNormal,False,0,0,0,0,-0.11423714724787841,0.0,,,,True,0,80520,1492344,,
1000,/media/yuan/新加卷1/RUNS/runs/stage8/stage8h_contact_relation_and_profile_path_audit_20260613/flat/cap_theta030_wall020_stage8h_mode0/output/case_VTK_P00_00001000.vti,128x96x128,WallStage8hProfileTargetMismatch,False,0,0,0,0,-0.002937828741947897,0.06266849975834611,,,,True,0,80520,1492344,,
1000,/media/yuan/新加卷1/RUNS/runs/stage8/stage8h_contact_relation_and_profile_path_audit_20260613/flat/cap_theta030_wall020_stage8h_mode0/output/case_VTK_P00_00001000.vti,128x96x128,WallStage8hProfileConsistencyWeight,False,0,0,0,0,0.4437797619320493,1.0,,,,True,0,80520,1492344,,
1000,/media/yuan/新加卷1/RUNS/runs/stage8/stage8h_contact_relation_and_profile_path_audit_20260613/flat/cap_theta030_wall020_stage8h_mode0/output/case_VTK_P00_00001000.vti,128x96x128,WallStage8hCandidateDemandRatio,False,0,0,0,0,0.0,0.6547674412159481,,,,True,0,80520,1492344,,
1000,/media/yuan/新加卷1/RUNS/runs/stage8/stage8h_contact_relation_and_profile_path_audit_20260613/flat/cap_theta030_wall020_stage8h_mode0/output/case_VTK_P00_00001000.vti,128x96x128,WallStage8hCandidateNormalDelta,False,0,0,0,0,-0.021116461166454634,4.708893825224167e-06,,,,True,0,80520,1492344,,
1000,/media/yuan/新加卷1/RUNS/runs/stage8/stage8h_contact_relation_and_profile_path_audit_20260613/flat/cap_theta030_wall020_stage8h_mode0/output/case_VTK_P00_00001000.vti,128x96x128,WallStage8hLimiterEquivalent,False,0,0,0,0,0.0,0.0,,,,True,0,80520,1492344,,
1000,/media/yuan/新加卷1/RUNS/runs/stage8/stage8h_contact_relation_and_profile_path_audit_20260613/flat/cap_theta030_wall020_stage8h_mode0/output/case_VTK_P00_00001000.vti,128x96x128,WallStage8hCosToTanRatio,False,0,0,0,0,0.0,0.5819264074203621,,,,True,0,80520,1492344,,
1000,/media/yuan/新加卷1/RUNS/runs/stage8/stage8h_contact_relation_and_profile_path_audit_20260613/flat/cap_theta030_wall020_stage8h_mode0/output/case_VTK_P00_00001000.vti,128x96x128,WallStage8hEffectiveCap,False,0,0,0,0,0.0,0.05,,,,True,0,80520,1492344,,
1000,/media/yuan/新加卷1/RUNS/runs/stage8/stage8h_contact_relation_and_profile_path_audit_20260613/flat/cap_theta030_wall020_stage8h_mode0/output/case_VTK_P00_00001000.vti,128x96x128,WallStage8hWriteAllowedFlag,False,0,0,0,0,0.0,0.0,,,,True,0,80520,1492344,,
