step,group,bin,active_count,limiter_count,limiter_fraction,normal_limiter_count,normal_limiter_fraction,stage8h_limiter_equivalent_count,stage8h_limiter_equivalent_fraction,ratio_cap_selected_count,ratio_cap_selected_fraction,abs_cap_selected_count,abs_cap_selected_fraction,raw_delta_p95,raw_delta_p99,limiter_ratio_p50,cap_demand_ratio_p50,cap_demand_ratio_p95,cap_demand_ratio_p99,stage8h_candidate_demand_p50,stage8h_candidate_demand_p95,stage8h_candidate_demand_p99,normal_raw_abs_p50,normal_raw_abs_p95
0,region,none_or_unknown,0,0,nan,0,nan,0,nan,0,nan,0,nan,nan,nan,nan,nan,nan,nan,nan,nan,nan,nan,nan
0,region,sphere_upper,2160,0,0.0,1748,0.8092592592592592,0,0.0,1360,0.6296296296296297,800,0.37037037037037035,0.2179476707447395,0.3217434401288232,0.4603522542409325,2.172249599708997,4.35895341489479,6.434868802576464,2.4030155606877564e-05,6.801111491555393e-05,0.00012416364193145731,0.04516725675831619,0.13494237284043664
0,region,sphere_lower90,2688,0,0.0,1072,0.39880952380952384,0,0.0,1656,0.6160714285714286,1032,0.38392857142857145,0.14370329540744603,0.16359348677809968,1.0,0.6897726202356205,2.8740659081489204,3.2718697355619932,8.990825915745819e-06,3.3484988215287656e-05,4.252498537394895e-05,0.0726165629423256,0.14706644434833013
0,region,sphere_bottom120,348,0,0.0,0,0.0,0,0.0,348,1.0,0,0.0,0.0004968026864739071,0.001861883741382399,1.0,0.002377716867720812,0.047984270845516375,0.18401752726843432,5.6139667916408534e-08,1.07011693078493e-06,2.2642939612017235e-06,0.015481800270841763,0.020900720489524554
0,region,outer_or_other_wall,0,0,nan,0,nan,0,nan,0,nan,0,nan,nan,nan,nan,nan,nan,nan,nan,nan,nan,nan,nan
0,theta_zone,sphere11,5196,0,0.0,2820,0.5427251732101617,0,0.0,3364,0.6474210931485759,1832,0.3525789068514242,0.17359067014408716,0.27972433710446015,0.8435225044235737,1.1855048261970866,3.471813402881743,5.594486742089202,1.4248583297033026e-05,5.217279270665223e-05,8.962740268693501e-05,0.05476341861089737,0.14296369099323192
0,theta_zone,outer90,0,0,nan,0,nan,0,nan,0,nan,0,nan,nan,nan,nan,nan,nan,nan,nan,nan,nan,nan,nan
0,theta_zone,fallback,0,0,nan,0,nan,0,nan,0,nan,0,nan,nan,nan,nan,nan,nan,nan,nan,nan,nan,nan,nan
0,c_bin,c_0_0p05,816,0,0.0,0,0.0,0,0.0,816,1.0,0,0.0,0.006454432186744657,0.009345129164059817,1.0,0.020571409948835745,0.4720928096771956,0.6893687765004145,3.21697945497816e-07,6.017808599223985e-06,8.888730409720286e-06,0.019160410997353442,0.027343912275037716
0,c_bin,c_0p05_0p10,564,0,0.0,96,0.1702127659574468,0,0.0,564,1.0,0,0.0,0.02628399351060155,0.04398664403399694,1.0,0.4834914445663641,1.2938176373653165,2.237744681213855,6.239365521264713e-06,1.5955369683902653e-05,2.507919048323335e-05,0.0412969600375756,0.05345663903924774
0,c_bin,c_0p10_0p30,1004,0,0.0,388,0.38645418326693226,0,0.0,624,0.6215139442231076,380,0.3784860557768924,0.09873918871712462,0.13291471936927649,1.0,0.7969685287730832,1.9747837743424923,2.6582943873855296,1.0022805939028805e-05,2.3377110416491424e-05,2.977669917221234e-05,0.08832551513966667,0.12373960731242645
0,c_bin,c_0p30_0p70,988,0,0.0,924,0.9352226720647774,0,0.0,0,0.0,988,1.0,0.23728443762901802,0.3473466278910059,0.40665746135607067,2.459072057021466,4.74568875258036,6.9469325578201175,2.736631209767907e-05,6.127321004303259e-05,0.00013488506279183798,0.13700354327174746,0.15170551512897976
0,c_bin,c_0p70_0p90,820,0,0.0,816,0.9951219512195122,0,0.0,356,0.43414634146341463,464,0.5658536585365853,0.22907418154045972,0.27972433710446015,0.40497850660142254,2.469266846756868,4.581483630809194,5.594486742089202,2.8716930385426725e-05,7.976520177351796e-05,9.977285388044508e-05,0.07356060996965821,0.11822145728185883
0,c_bin,c_0p90_0p95,468,0,0.0,468,1.0,0,0.0,468,1.0,0,0.0,0.09880403017681391,0.1337645864922411,0.42627781398268677,2.3458879800875936,3.1482172081697026,3.278447018357779,2.7841347775990192e-05,5.6046711549277505e-05,6.142444365202994e-05,0.030737789814645755,0.044864219376176344
0,c_bin,c_0p95_1,536,0,0.0,128,0.23880597014925373,0,0.0,536,1.0,0,0.0,0.025459221987689486,0.03702297818487037,1.0,0.37840198622596727,1.5580573325320437,1.773608818250693,4.268734747259083e-06,2.0776678551959303e-05,2.883876944542577e-05,0.014364320858373074,0.02128669330616838
0,tangent_bin,t_0_0p005,200,0,0.0,0,0.0,0,0.0,200,1.0,0,0.0,0.010858076214969774,0.012008895042055462,1.0,0.0019419383374173586,0.5437770225322996,0.5793947997531717,6.784592630212173e-09,7.753843120797922e-07,8.570393272804814e-07,0.015780325680183668,0.043154979232391075
0,tangent_bin,t_0p005_0p01,736,0,0.0,8,0.010869565217391304,0,0.0,736,1.0,0,0.0,0.007485711889373299,0.04030543737377172,1.0,0.02569976258936767,0.435950341250961,1.1047116118729552,3.5449076905015497e-07,2.6847130171911114e-06,3.3861821136545664e-06,0.01850079770984046,0.034410235159131164
0,tangent_bin,t_0p01_0p02,944,0,0.0,180,0.1906779661016949,0,0.0,944,1.0,0,0.0,0.026700064894538213,0.030631675646302283,1.0,0.4863239359530196,1.6573778785541504,1.895635945610999,6.256084303354752e-06,1.9470706068908305e-05,2.1072906187494483e-05,0.027176628125057896,0.055931430451043415
0,tangent_bin,t_0p02_0p05,1484,0,0.0,872,0.5876010781671159,0,0.0,1264,0.8517520215633423,220,0.14824797843665768,0.08625428442701649,0.09881680488689418,0.8534650387201829,1.1716941580870779,2.5875917037261496,3.070718839682928,1.3902821888724423e-05,3.605799237182665e-05,5.306431832942223e-05,0.059222226328540656,0.11553842299857837
0,tangent_bin,t_0p05_0p10,1736,0,0.0,1664,0.9585253456221198,0,0.0,220,0.12672811059907835,1516,0.8732718894009217,0.1866035601849526,0.23744875950815683,0.4279504111263101,2.336719334766216,3.732071203699052,4.7489751901631365,2.654810280925416e-05,6.384912120280438e-05,8.633711871566746e-05,0.12286764059469278,0.14858426452883794
0,tangent_bin,t_0p10_inf,96,0,0.0,96,1.0,0,0.0,0,0.0,96,1.0,0.36286550707634196,0.36286550707634196,0.17834420659250666,5.607163419271359,7.257310141526839,7.257310141526839,8.455385499935746e-05,0.00015001447924423402,0.00015001447924423405,0.10188020248703708,0.1351514077858472
0,normal_raw_abs_bin,normal_raw_abs_0_1e-4,0,0,nan,0,nan,0,nan,0,nan,0,nan,nan,nan,nan,nan,nan,nan,nan,nan,nan,nan,nan
0,normal_raw_abs_bin,normal_raw_abs_1e-4_1e-3,0,0,nan,0,nan,0,nan,0,nan,0,nan,nan,nan,nan,nan,nan,nan,nan,nan,nan,nan,nan
0,normal_raw_abs_bin,normal_raw_abs_1e-3_1e-2,72,0,0.0,0,0.0,0,0.0,72,1.0,0,0.0,0.0007450418205869532,0.0007450418205869532,1.0,0.007324340151929484,0.06944271976811968,0.06944271976811968,8.623646771064675e-08,1.2035423282862576e-06,1.2035423282862578e-06,0.008853734734082755,0.00995530736211305
0,normal_raw_abs_bin,normal_raw_abs_1e-2_5e-2,2376,0,0.0,832,0.3501683501683502,0,0.0,2296,0.9663299663299664,80,0.03367003367003367,0.11869540111683662,0.20893714886653988,1.0,0.436542896826526,3.070718839682928,4.178742977330797,5.639774410272263e-06,5.306431832942223e-05,8.333810628290944e-05,0.0247703059599468,0.04572377351348582
0,normal_raw_abs_bin,normal_raw_abs_5e-2_inf,2748,0,0.0,1988,0.7234352256186317,0,0.0,996,0.3624454148471616,1752,0.6375545851528385,0.18734337163642464,0.29445376945385876,0.5522128092457724,1.8108960590136032,3.7468674327284925,5.889075389077175,2.116002982712584e-05,5.208999489196197e-05,8.962740268693501e-05,0.10575512485852244,0.14699774554458134
0,cap_source,abs_cap_selected,1832,0,0.0,1548,0.8449781659388647,0,0.0,0,0.0,1832,1.0,0.23728443762901802,0.3217434401288232,0.44959272020948926,2.224235302417812,4.74568875258036,6.434868802576464,2.451787061031204e-05,6.993709588751258e-05,0.00012416364193145731,0.12330148272672148,0.14833271372497767
0,cap_source,raw_normal_scale_selected,1648,0,0.0,408,0.24757281553398058,0,0.0,1648,1.0,0,0.0,0.061749362758563714,0.07427784747500062,1.0,0.4834914445663645,1.6224241832308062,1.8413688439246716,6.272803085444803e-06,1.863870373127192e-05,2.258418601833818e-05,0.046268701870730525,0.09041161049143835
0,cap_source,target_scale_selected,1012,0,0.0,864,0.8537549407114624,0,0.0,1012,1.0,0,0.0,0.1178053909239697,0.1337645864922411,0.44725449698670455,2.2358634887682904,3.0077032053956003,3.255001343879793,2.5112620015191362e-05,5.0845073840923934e-05,6.044442105092753e-05,0.030737789814645755,0.08145064008797151
0,cap_source,tangent_scale_selected,0,0,nan,0,nan,0,nan,0,nan,0,nan,nan,nan,nan,nan,nan,nan,nan,nan,nan,nan,nan
0,cap_source,floor_scale_selected,704,0,0.0,0,0.0,0,0.0,704,1.0,0,0.0,0.003201384342983957,0.006157930054998105,1.0,0.0074108104007312,0.3201384342983957,0.6157930054998104,1.0873296501403108e-07,3.6044865928053776e-06,6.6687082996724645e-06,0.014405760393316848,0.019187022795967238
0,cap_source,none_or_inactive,0,0,nan,0,nan,0,nan,0,nan,0,nan,nan,nan,nan,nan,nan,nan,nan,nan,nan,nan,nan
0,stage8g_mode,mode_0,0,0,nan,0,nan,0,nan,0,nan,0,nan,nan,nan,nan,nan,nan,nan,nan,nan,nan,nan,nan
0,stage8g_mode,mode_1,0,0,nan,0,nan,0,nan,0,nan,0,nan,nan,nan,nan,nan,nan,nan,nan,nan,nan,nan,nan
0,stage8g_mode,mode_2,0,0,nan,0,nan,0,nan,0,nan,0,nan,nan,nan,nan,nan,nan,nan,nan,nan,nan,nan,nan
0,stage8g_mode,mode_3,5196,0,0.0,2820,0.5427251732101617,0,0.0,3364,0.6474210931485759,1832,0.3525789068514242,0.17359067014408716,0.27972433710446015,0.8435225044235737,1.1855048261970866,3.471813402881743,5.594486742089202,1.4248583297033026e-05,5.217279270665223e-05,8.962740268693501e-05,0.05476341861089737,0.14296369099323192
0,stage8h_mode,mode_0,0,0,nan,0,nan,0,nan,0,nan,0,nan,nan,nan,nan,nan,nan,nan,nan,nan,nan,nan,nan
0,stage8h_mode,mode_1,0,0,nan,0,nan,0,nan,0,nan,0,nan,nan,nan,nan,nan,nan,nan,nan,nan,nan,nan,nan
0,stage8h_mode,mode_2,0,0,nan,0,nan,0,nan,0,nan,0,nan,nan,nan,nan,nan,nan,nan,nan,nan,nan,nan,nan
0,stage8h_mode,mode_3,0,0,nan,0,nan,0,nan,0,nan,0,nan,nan,nan,nan,nan,nan,nan,nan,nan,nan,nan,nan
0,stage8h_mode,mode_4,5196,0,0.0,2820,0.5427251732101617,0,0.0,3364,0.6474210931485759,1832,0.3525789068514242,0.17359067014408716,0.27972433710446015,0.8435225044235737,1.1855048261970866,3.471813402881743,5.594486742089202,1.4248583297033026e-05,5.217279270665223e-05,8.962740268693501e-05,0.05476341861089737,0.14296369099323192
0,limiter_class,none,2376,0,0.0,0,0.0,0,0.0,2092,0.8804713804713805,284,0.11952861952861953,0.03520734742384063,0.0436735838616903,1.0,0.21654368744042576,0.8752349020682929,0.9883730166592916,3.6246956693183587e-06,1.1057623118510625e-05,1.2498223910537567e-05,0.027483588581102385,0.12065312976102306
0,limiter_class,abs_cap_limiter,1548,0,0.0,1548,1.0,0,0.0,0,0.0,1548,1.0,0.24479779243075686,0.33531312964277926,0.40275487455198483,2.482899806271437,4.895955848615137,6.706262592855586,2.8488676987397713e-05,8.272974451790628e-05,0.00012984599498745879,0.12659405205932725,0.14827043423328115
0,limiter_class,ratio_cap_limiter,408,0,0.0,408,1.0,0,0.0,408,1.0,0,0.0,0.07427784747500057,0.07863628683463118,0.7742135208117229,1.291633345477552,1.8413688439246716,1.9517255738076937,1.4837676441622424e-05,2.2584186018338156e-05,2.5753469531148678e-05,0.0691926896492088,0.09340055352829191
0,limiter_class,secondary_vector_safety,0,0,nan,0,nan,0,nan,0,nan,0,nan,nan,nan,nan,nan,nan,nan,nan,nan,nan,nan,nan
0,limiter_class,inactive_or_fallback,0,0,nan,0,nan,0,nan,0,nan,0,nan,nan,nan,nan,nan,nan,nan,nan,nan,nan,nan,nan
0,normal_agreement_bin,normal_0_0p5,0,0,nan,0,nan,0,nan,0,nan,0,nan,nan,nan,nan,nan,nan,nan,nan,nan,nan,nan,nan
0,normal_agreement_bin,normal_0p5_0p9,0,0,nan,0,nan,0,nan,0,nan,0,nan,nan,nan,nan,nan,nan,nan,nan,nan,nan,nan,nan
0,normal_agreement_bin,normal_0p9_0p99,968,0,0.0,648,0.6694214876033058,0,0.0,576,0.5950413223140496,392,0.4049586776859504,0.1623251510942399,0.23728443762901802,0.6536486243671398,1.5299267810227708,3.2465030218847977,4.74568875258036,1.714919721345106e-05,3.9339811857178365e-05,6.646865728075309e-05,0.07506114945180407,0.1451064241174346
0,normal_agreement_bin,normal_0p99_1p01,4228,0,0.0,2172,0.5137180700094608,0,0.0,2788,0.6594134342478714,1440,0.34058656575212864,0.1747569679692554,0.27972433710446015,0.9430726343039361,1.0603637128523837,3.495139359385108,5.594486742089202,1.2680258068365379e-05,5.3187747383673725e-05,9.405681981108391e-05,0.05179883916853574,0.14221152469404771
0,c_x_tangent:c_0_0p05,t_0_0p005,168,0,0.0,0,0.0,0,0.0,168,1.0,0,0.0,0.0009098708979947782,0.0013043474259671793,1.0,0.0012002083030933112,0.07217239620063205,0.10600341523171182,3.1288169996590037e-09,1.1092076315547919e-07,1.1576800101288575e-07,0.014939080982154917,0.02460953589308456
0,c_x_tangent:c_0_0p05,t_0p005_0p01,528,0,0.0,0,0.0,0,0.0,528,1.0,0,0.0,0.002353097046839211,0.0029039587763065814,1.0,0.019824373950303155,0.20594094143483344,0.22049681891485437,3.4229105305583285e-07,3.1646815739157006e-06,3.474406616639814e-06,0.019198427852516006,0.02669619451380095
0,c_x_tangent:c_0_0p05,t_0p01_0p02,120,0,0.0,0,0.0,0,0.0,120,1.0,0,0.0,0.009345129164059817,0.009855903584551629,1.0,0.3746572453164946,0.6893687765004145,0.7135944012997819,4.717339218841574e-06,8.888730409720286e-06,9.217950351737948e-06,0.02538230104638557,0.028791277715682826
0,c_x_tangent:c_0_0p05,t_0p02_0p05,0,0,nan,0,nan,0,nan,0,nan,0,nan,nan,nan,nan,nan,nan,nan,nan,nan,nan,nan,nan
0,c_x_tangent:c_0_0p05,t_0p05_0p10,0,0,nan,0,nan,0,nan,0,nan,0,nan,nan,nan,nan,nan,nan,nan,nan,nan,nan,nan,nan
0,c_x_tangent:c_0_0p05,t_0p10_inf,0,0,nan,0,nan,0,nan,0,nan,0,nan,nan,nan,nan,nan,nan,nan,nan,nan,nan,nan,nan
0,c_x_tangent:c_0p05_0p10,t_0_0p005,32,0,0.0,0,0.0,0,0.0,32,1.0,0,0.0,0.012008895042055462,0.012008895042055462,1.0,0.35737944973356245,0.5793947997531717,0.5793947997531717,5.246785109111972e-07,8.570393272804814e-07,8.570393272804814e-07,0.04230410823129422,0.04394636402378148
0,c_x_tangent:c_0p05_0p10,t_0p005_0p01,56,0,0.0,0,0.0,0,0.0,56,1.0,0,0.0,0.020220958207951546,0.020220958207951546,1.0,0.41503343258695824,0.8049064772528809,0.8049064772528809,9.262868146677876e-07,1.6155457593107966e-06,1.6155457593107968e-06,0.0343761372601398,0.05515704620041064
0,c_x_tangent:c_0p05_0p10,t_0p01_0p02,372,0,0.0,32,0.08602150537634409,0,0.0,372,1.0,0,0.0,0.02170716499897265,0.023385367886756346,1.0,0.37964238967119807,1.1142653002305982,1.2916333454775517,6.209694443986581e-06,1.4309998181064778e-05,1.5955369683902653e-05,0.037993651802647514,0.05345663903924774
0,c_x_tangent:c_0p05_0p10,t_0p02_0p05,104,0,0.0,64,0.6153846153846154,0,0.0,104,1.0,0,0.0,0.04398664403399694,0.04398664403399694,0.9430726343039361,1.0603637128523837,2.237744681213855,2.237744681213855,1.263105908984989e-05,2.507919048323335e-05,2.507919048323335e-05,0.04697157707672096,0.054009896073497037
0,c_x_tangent:c_0p05_0p10,t_0p05_0p10,0,0,nan,0,nan,0,nan,0,nan,0,nan,nan,nan,nan,nan,nan,nan,nan,nan,nan,nan,nan
0,c_x_tangent:c_0p05_0p10,t_0p10_inf,0,0,nan,0,nan,0,nan,0,nan,0,nan,nan,nan,nan,nan,nan,nan,nan,nan,nan,nan,nan
0,c_x_tangent:c_0p10_0p30,t_0_0p005,0,0,nan,0,nan,0,nan,0,nan,0,nan,nan,nan,nan,nan,nan,nan,nan,nan,nan,nan,nan
0,c_x_tangent:c_0p10_0p30,t_0p005_0p01,16,0,0.0,8,0.5,0,0.0,16,1.0,0,0.0,0.04190221756454977,0.04190221756454977,0.9286249791809423,1.0782219134384445,1.16652090822016,1.16652090822016,1.826989568619643e-06,1.9068334746738096e-06,1.9068334746738096e-06,0.07364077119559333,0.07544019386622482
0,c_x_tangent:c_0p10_0p30,t_0p01_0p02,40,0,0.0,8,0.2,0,0.0,40,1.0,0,0.0,0.048523932743974624,0.048523932743974624,1.0,0.594490202278153,1.09260986493411,1.09260986493411,1.4373784176109337e-06,5.447353040778805e-06,5.447353040778805e-06,0.07175098605008147,0.088822065956545
0,c_x_tangent:c_0p10_0p30,t_0p02_0p05,736,0,0.0,184,0.25,0,0.0,536,0.7282608695652174,200,0.2717391304347826,0.05844743713237725,0.06323839728469173,1.0,0.5893851840716328,1.5573285930001832,1.8139963863123445,8.69097379463663e-06,1.705372270388292e-05,2.46681032747374e-05,0.08011538579697777,0.12065312976102306
0,c_x_tangent:c_0p10_0p30,t_0p05_0p10,212,0,0.0,188,0.8867924528301887,0,0.0,32,0.1509433962264151,180,0.8490566037735849,0.13291471936927649,0.13299568903427675,0.6917113569018443,1.4456897230645045,2.6582943873855296,2.659913780685535,1.7796634130821086e-05,2.977669917221234e-05,3.4679234917821474e-05,0.1087475392516263,0.12408085146436039
0,c_x_tangent:c_0p10_0p30,t_0p10_inf,0,0,nan,0,nan,0,nan,0,nan,0,nan,nan,nan,nan,nan,nan,nan,nan,nan,nan,nan,nan
0,c_x_tangent:c_0p30_0p70,t_0_0p005,0,0,nan,0,nan,0,nan,0,nan,0,nan,nan,nan,nan,nan,nan,nan,nan,nan,nan,nan,nan
0,c_x_tangent:c_0p30_0p70,t_0p005_0p01,0,0,nan,0,nan,0,nan,0,nan,0,nan,nan,nan,nan,nan,nan,nan,nan,nan,nan,nan,nan
0,c_x_tangent:c_0p30_0p70,t_0p01_0p02,0,0,nan,0,nan,0,nan,0,nan,0,nan,nan,nan,nan,nan,nan,nan,nan,nan,nan,nan,nan
0,c_x_tangent:c_0p30_0p70,t_0p02_0p05,16,0,0.0,0,0.0,0,0.0,0,0.0,16,1.0,0.00924868222045671,0.00924868222045671,1.0,0.15665728058207526,0.1849736444091342,0.1849736444091342,6.929986754476819e-06,7.349098713882548e-06,7.349098713882548e-06,0.13852553589140743,0.14221152469404771
0,c_x_tangent:c_0p30_0p70,t_0p05_0p10,892,0,0.0,844,0.9461883408071748,0,0.0,0,0.0,892,1.0,0.16444221013224022,0.18569698588061753,0.426850976230509,2.3427379944891538,3.288844202644804,3.7139397176123503,2.661604655772383e-05,4.2342160271033196e-05,4.444603287380252e-05,0.13838624023098794,0.15228647744279714
0,c_x_tangent:c_0p30_0p70,t_0p10_inf,80,0,0.0,80,1.0,0,0.0,0,0.0,80,1.0,0.36286550707634196,0.36286550707634196,0.18782135355286447,5.33898275764504,7.257310141526839,7.257310141526839,7.453252407313416e-05,0.00015001447924423402,0.00015001447924423405,0.1059482973610997,0.1351514077858472
0,c_x_tangent:c_0p70_0p90,t_0_0p005,0,0,nan,0,nan,0,nan,0,nan,0,nan,nan,nan,nan,nan,nan,nan,nan,nan,nan,nan,nan
0,c_x_tangent:c_0p70_0p90,t_0p005_0p01,0,0,nan,0,nan,0,nan,0,nan,0,nan,nan,nan,nan,nan,nan,nan,nan,nan,nan,nan,nan
0,c_x_tangent:c_0p70_0p90,t_0p01_0p02,0,0,nan,0,nan,0,nan,0,nan,0,nan,nan,nan,nan,nan,nan,nan,nan,nan,nan,nan,nan
0,c_x_tangent:c_0p70_0p90,t_0p02_0p05,188,0,0.0,184,0.9787234042553191,0,0.0,184,0.9787234042553191,4,0.02127659574468085,0.09837794719348844,0.10068224299481401,0.4397694743475996,2.273918628580361,2.6083555765602373,2.643179519414881,2.459283169499466e-05,3.408538533155942e-05,3.437037506958434e-05,0.05476341861089737,0.09623856402361614
0,c_x_tangent:c_0p70_0p90,t_0p05_0p10,616,0,0.0,616,1.0,0,0.0,172,0.2792207792207792,444,0.7207792207792207,0.2290741815404597,0.24597815916370752,0.38805300249048424,2.577614849245715,4.581483630809194,4.91956318327415,3.099867564174258e-05,7.976520177351794e-05,9.977285388044505e-05,0.08428711622996557,0.11908094297560942
0,c_x_tangent:c_0p70_0p90,t_0p10_inf,16,0,0.0,16,1.0,0,0.0,0,0.0,16,1.0,0.3025074080889018,0.3025074080889018,0.17201630784014,5.822317451933619,6.0501481617780355,6.0501481617780355,0.00010527080370613298,0.00012416364193145731,0.00012416364193145731,0.05999265947367215,0.07501629877163925
0,c_x_tangent:c_0p90_0p95,t_0_0p005,0,0,nan,0,nan,0,nan,0,nan,0,nan,nan,nan,nan,nan,nan,nan,nan,nan,nan,nan,nan
0,c_x_tangent:c_0p90_0p95,t_0p005_0p01,0,0,nan,0,nan,0,nan,0,nan,0,nan,nan,nan,nan,nan,nan,nan,nan,nan,nan,nan,nan
0,c_x_tangent:c_0p90_0p95,t_0p01_0p02,52,0,0.0,52,1.0,0,0.0,52,1.0,0,0.0,0.030631675646302283,0.030631675646302283,0.5491396992043909,1.8210302432128442,1.95968932063553,1.95968932063553,1.9835727946608024e-05,2.1691387232798882e-05,2.1691387232798882e-05,0.027161389531317272,0.029670528087685433
0,c_x_tangent:c_0p90_0p95,t_0p02_0p05,400,0,0.0,400,1.0,0,0.0,400,1.0,0,0.0,0.09017818875979698,0.09881680488689418,0.42093824818064296,2.375649986705854,3.0077032053956003,3.255001343879793,2.8727316430112904e-05,5.0845073840923934e-05,6.044442105092753e-05,0.031787237957193654,0.045013368730539294
0,c_x_tangent:c_0p90_0p95,t_0p05_0p10,16,0,0.0,16,1.0,0,0.0,16,1.0,0,0.0,0.1337645864922411,0.1337645864922411,0.3092536451234231,3.234197058625567,3.278447018357779,3.278447018357779,5.953852962138407e-05,6.142444365202994e-05,6.142444365202994e-05,0.031033339337430667,0.03262644807765497
0,c_x_tangent:c_0p90_0p95,t_0p10_inf,0,0,nan,0,nan,0,nan,0,nan,0,nan,nan,nan,nan,nan,nan,nan,nan,nan,nan,nan,nan
0,c_x_tangent:c_0p95_1,t_0_0p005,0,0,nan,0,nan,0,nan,0,nan,0,nan,nan,nan,nan,nan,nan,nan,nan,nan,nan,nan,nan
0,c_x_tangent:c_0p95_1,t_0p005_0p01,136,0,0.0,0,0.0,0,0.0,136,1.0,0,0.0,0.0013267273973928562,0.001326727397392857,1.0,0.020697491145113336,0.13267273973928562,0.1326727397392857,2.28816999068771e-07,1.5157657244754897e-06,1.5157657244754901e-06,0.010048892986819869,0.012797718212728897
0,c_x_tangent:c_0p95_1,t_0p01_0p02,360,0,0.0,88,0.24444444444444444,0,0.0,360,1.0,0,0.0,0.02322017387064194,0.025459221987689486,1.0,0.6046582080573493,1.5169252447244765,1.6597464006114249,7.987189114362398e-06,1.8106137428891467e-05,1.982745962593658e-05,0.01643268554995137,0.021655038477158276
0,c_x_tangent:c_0p95_1,t_0p02_0p05,40,0,0.0,40,1.0,0,0.0,40,1.0,0,0.0,0.03702297818487037,0.03702297818487037,0.6944683229815243,1.4399504871680147,1.773608818250693,1.773608818250693,2.4067354640545966e-05,2.883876944542577e-05,2.883876944542577e-05,0.0151135530400137,0.01675195452263095
0,c_x_tangent:c_0p95_1,t_0p05_0p10,0,0,nan,0,nan,0,nan,0,nan,0,nan,nan,nan,nan,nan,nan,nan,nan,nan,nan,nan,nan
0,c_x_tangent:c_0p95_1,t_0p10_inf,0,0,nan,0,nan,0,nan,0,nan,0,nan,nan,nan,nan,nan,nan,nan,nan,nan,nan,nan,nan
100,region,none_or_unknown,0,0,nan,0,nan,0,nan,0,nan,0,nan,nan,nan,nan,nan,nan,nan,nan,nan,nan,nan,nan
100,region,sphere_upper,2144,0,0.0,1732,0.8078358208955224,0,0.0,1336,0.6231343283582089,808,0.376865671641791,0.2186059417586805,0.30649388073446027,0.4763259297234794,2.0994028197888124,4.37211883517361,6.129877614689206,0.08724822347961608,0.17861550302200901,0.2219004599116975,0.04918163725806876,0.13647598346147077
100,region,sphere_lower90,2688,0,0.0,924,0.34375,0,0.0,1664,0.6190476190476191,1024,0.38095238095238093,0.13075512763692618,0.1555595606947607,1.0,0.5893590496238917,2.6151025527385237,3.111191213895214,0.02877437903674495,0.10519599825700265,0.12736669870063816,0.07623277955513384,0.1475830964358063
100,region,sphere_bottom120,344,0,0.0,0,0.0,0,0.0,344,1.0,0,0.0,0.00036975721909835916,0.0009538287701241421,1.0,0.0022349454591171405,0.03697572190983592,0.08412936108056174,0.00022383685308945757,0.0021906236631225088,0.0054190330191677466,0.016397176636175466,0.022115036678547497
100,region,outer_or_other_wall,0,0,nan,0,nan,0,nan,0,nan,0,nan,nan,nan,nan,nan,nan,nan,nan,nan,nan,nan,nan
100,theta_zone,sphere11,5176,0,0.0,2656,0.5131375579598145,0,0.0,3344,0.6460587326120556,1832,0.35394126738794435,0.17112554388489493,0.26546832883576216,0.9379523002477494,1.0661522976550994,3.4225108776978983,5.309366576715243,0.04431079118030133,0.1481376765123521,0.19845421799056834,0.058101137726957616,0.1442317703350645
100,theta_zone,outer90,0,0,nan,0,nan,0,nan,0,nan,0,nan,nan,nan,nan,nan,nan,nan,nan,nan,nan,nan,nan
100,theta_zone,fallback,0,0,nan,0,nan,0,nan,0,nan,0,nan,nan,nan,nan,nan,nan,nan,nan,nan,nan,nan,nan
100,c_bin,c_0_0p05,796,0,0.0,0,0.0,0,0.0,796,1.0,0,0.0,0.004034916504863753,0.0085464877712351,1.0,0.021101894330262654,0.36055968454648035,0.592211441714976,0.0010657682184466847,0.014894365534183345,0.02562116656641585,0.020174368952077058,0.028549357396384097
100,c_bin,c_0p05_0p10,580,0,0.0,48,0.08275862068965517,0,0.0,580,1.0,0,0.0,0.02595211556137919,0.03815774572412921,1.0,0.37776457674538966,1.0931537898153114,1.713669094658616,0.019514823241293285,0.04533199426894582,0.06937795785175913,0.04192740215243049,0.0567576627362543
100,c_bin,c_0p10_0p30,1004,0,0.0,288,0.2868525896414343,0,0.0,632,0.6294820717131474,372,0.3705179282868526,0.08835661772284968,0.11690755202894089,1.0,0.60388711234728,1.7987489195422703,2.3381510405788175,0.030463702844095254,0.07282488184139321,0.09498452503102232,0.09086208498870782,0.12589180511417464
100,c_bin,c_0p30_0p70,1004,0,0.0,940,0.9362549800796812,0,0.0,0,0.0,1004,1.0,0.23663527111464155,0.34041149478338945,0.43572731613870286,2.2950133327920046,4.732705422292831,6.808229895667789,0.0931400709703453,0.15646717337530247,0.22190046149958886,0.13835192772516566,0.15169469594710475
100,c_bin,c_0p70_0p90,796,0,0.0,792,0.9949748743718593,0,0.0,340,0.4271356783919598,456,0.5728643216080402,0.2247065548159286,0.26683423407460194,0.40816219045932206,2.45000645178491,4.494131096318572,5.336684681492038,0.10330624540769152,0.18929843062731927,0.21208944410395045,0.07554640185255726,0.1179940556559122
100,c_bin,c_0p90_0p95,476,0,0.0,468,0.9831932773109243,0,0.0,476,1.0,0,0.0,0.09559809514356851,0.13615046475754444,0.453196453037363,2.2065486022626852,3.0350051131787454,3.2668988181040906,0.09371081854986982,0.14956699685292393,0.17588965504969808,0.03387600089968208,0.049531283858272906
100,c_bin,c_0p95_1,520,0,0.0,120,0.23076923076923078,0,0.0,520,1.0,0,0.0,0.0273294231478019,0.0361467513646118,1.0,0.30987421696252737,1.5712411243053241,1.6921655928215877,0.01363620877566675,0.07187295909599266,0.08871114655834617,0.014727351933232097,0.024228371880900598
100,tangent_bin,t_0_0p005,192,0,0.0,0,0.0,0,0.0,192,1.0,0,0.0,0.00201724694024592,0.017957248532263874,1.0,0.0015580057701575852,0.12675350133223887,0.6340416459792235,2.6864611811658558e-05,0.0004585790224068283,0.0032339957517238697,0.01630920017795287,0.04430247909197122
100,tangent_bin,t_0p005_0p01,728,0,0.0,16,0.02197802197802198,0,0.0,728,1.0,0,0.0,0.012570424094820502,0.041745197334811815,1.0,0.024829363915644685,0.6062695644034247,1.1402367406130145,0.0013085994602036045,0.008631814797288641,0.00963722073336749,0.020184785522905577,0.04146810208818555
100,tangent_bin,t_0p01_0p02,932,0,0.0,124,0.13304721030042918,0,0.0,932,1.0,0,0.0,0.02419263803248902,0.029088149340685317,1.0,0.3605599160104498,1.3793035591214187,1.7892892190807803,0.018931341796219595,0.05730582327219562,0.07270844715987955,0.02973009881596297,0.05843651821295932
100,tangent_bin,t_0p02_0p05,1508,0,0.0,780,0.5172413793103449,0,0.0,1280,0.8488063660477454,228,0.15119363395225463,0.08375695499643335,0.10016900236490045,0.9778207958648064,1.022682279032098,2.5411133749024084,3.0728720638071954,0.04413128163083878,0.11480390012649518,0.15345467816582095,0.062076107128722906,0.1178957623460153
100,tangent_bin,t_0p05_0p10,1728,0,0.0,1648,0.9537037037037037,0,0.0,212,0.12268518518518519,1516,0.8773148148148148,0.18916552934820013,0.23806666539469457,0.43669930056765505,2.2899052067404746,3.7833105869640025,4.761333307893891,0.09286146403782697,0.1675914800503935,0.1993735593592691,0.12570476775058426,0.15018243886510155
100,tangent_bin,t_0p10_inf,88,0,0.0,88,1.0,0,0.0,0,0.0,88,1.0,0.35197400608788487,0.351974011570713,0.18270837090428022,5.473202979429411,7.039480121757697,7.03948023141426,0.17910698847498951,0.23864361305392323,0.23864369723145534,0.10370290366346988,0.13700405848082006
100,normal_raw_abs_bin,normal_raw_abs_0_1e-4,0,0,nan,0,nan,0,nan,0,nan,0,nan,nan,nan,nan,nan,nan,nan,nan,nan,nan,nan,nan
100,normal_raw_abs_bin,normal_raw_abs_1e-4_1e-3,0,0,nan,0,nan,0,nan,0,nan,0,nan,nan,nan,nan,nan,nan,nan,nan,nan,nan,nan,nan
100,normal_raw_abs_bin,normal_raw_abs_1e-3_1e-2,32,0,0.0,0,0.0,0,0.0,32,1.0,0,0.0,0.0004963242198249466,0.000496325438064964,1.0,0.011783187434617263,0.046179951524053284,0.04618006689080947,0.0005121634499907291,0.0023125357634249982,0.002312541519920433,0.009454937584217086,0.009946133643102165
100,normal_raw_abs_bin,normal_raw_abs_1e-2_5e-2,2332,0,0.0,728,0.31217838765008576,0,0.0,2260,0.9691252144082333,72,0.030874785591766724,0.10063969420488421,0.1949061092518784,1.0,0.3212583902367986,3.021083440153581,3.8981221850375682,0.01555610013263762,0.14813770225259426,0.19812249476010074,0.02492843677540006,0.04694524922830235
100,normal_raw_abs_bin,normal_raw_abs_5e-2_inf,2812,0,0.0,1928,0.6856330014224751,0,0.0,1052,0.3741109530583215,1760,0.6258890469416786,0.1891655426552133,0.28333503045432956,0.5701003947039768,1.754077017468568,3.7833108531042656,5.666700609086591,0.07114369620763573,0.1468165764511141,0.19845421795395118,0.10726208024246212,0.14740628006959028
100,cap_source,abs_cap_selected,1832,0,0.0,1524,0.8318777292576419,0,0.0,0,0.0,1832,1.0,0.23663526890028116,0.30649392853717305,0.45356636412701173,2.2047579326368156,4.732705378005623,6.129878570743461,0.08962276744994703,0.18004547438328405,0.2219004614995888,0.12591258005808786,0.15003504724842903
100,cap_source,raw_normal_scale_selected,1812,0,0.0,388,0.2141280353200883,0,0.0,1812,1.0,0,0.0,0.0615187442706921,0.08455433049223683,1.0,0.3905073731715356,1.685733158303424,1.9482272087281474,0.021415945097485803,0.06828059190948366,0.07883095138816931,0.046945249148320545,0.09420836029864459
100,cap_source,target_scale_selected,908,0,0.0,744,0.8193832599118943,0,0.0,908,1.0,0,0.0,0.12175285354637187,0.13615045610942567,0.46354688714326986,2.1572790751821556,3.0210834377382025,3.2476369225767745,0.0886515278060786,0.14813770201120843,0.17348697448113545,0.03070920993722468,0.07427120103408802
100,cap_source,tangent_scale_selected,0,0,nan,0,nan,0,nan,0,nan,0,nan,nan,nan,nan,nan,nan,nan,nan,nan,nan,nan,nan
100,cap_source,floor_scale_selected,624,0,0.0,0,0.0,0,0.0,624,1.0,0,0.0,0.002368518879050519,0.005985143832768304,1.0,0.004504477919894721,0.23685188790505188,0.5985143832768303,0.0002748216603432891,0.009615773646769002,0.024526937740996374,0.014763507713479323,0.019220535576483715
100,cap_source,none_or_inactive,0,0,nan,0,nan,0,nan,0,nan,0,nan,nan,nan,nan,nan,nan,nan,nan,nan,nan,nan,nan
100,stage8g_mode,mode_0,0,0,nan,0,nan,0,nan,0,nan,0,nan,nan,nan,nan,nan,nan,nan,nan,nan,nan,nan,nan
100,stage8g_mode,mode_1,0,0,nan,0,nan,0,nan,0,nan,0,nan,nan,nan,nan,nan,nan,nan,nan,nan,nan,nan,nan
100,stage8g_mode,mode_2,0,0,nan,0,nan,0,nan,0,nan,0,nan,nan,nan,nan,nan,nan,nan,nan,nan,nan,nan,nan
100,stage8g_mode,mode_3,5176,0,0.0,2656,0.5131375579598145,0,0.0,3344,0.6460587326120556,1832,0.35394126738794435,0.17112554388489493,0.26546832883576216,0.9379523002477494,1.0661522976550994,3.4225108776978983,5.309366576715243,0.04431079118030133,0.1481376765123521,0.19845421799056834,0.058101137726957616,0.1442317703350645
100,stage8h_mode,mode_0,0,0,nan,0,nan,0,nan,0,nan,0,nan,nan,nan,nan,nan,nan,nan,nan,nan,nan,nan,nan
100,stage8h_mode,mode_1,0,0,nan,0,nan,0,nan,0,nan,0,nan,nan,nan,nan,nan,nan,nan,nan,nan,nan,nan,nan
100,stage8h_mode,mode_2,0,0,nan,0,nan,0,nan,0,nan,0,nan,nan,nan,nan,nan,nan,nan,nan,nan,nan,nan,nan
100,stage8h_mode,mode_3,0,0,nan,0,nan,0,nan,0,nan,0,nan,nan,nan,nan,nan,nan,nan,nan,nan,nan,nan,nan
100,stage8h_mode,mode_4,5176,0,0.0,2656,0.5131375579598145,0,0.0,3344,0.6460587326120556,1832,0.35394126738794435,0.17112554388489493,0.26546832883576216,0.9379523002477494,1.0661522976550994,3.4225108776978983,5.309366576715243,0.04431079118030133,0.1481376765123521,0.19845421799056834,0.058101137726957616,0.1442317703350645
100,limiter_class,none,2520,0,0.0,0,0.0,0,0.0,2212,0.8777777777777778,308,0.12222222222222222,0.032618883932614626,0.04403792706737647,1.0,0.20896358531867226,0.8807586015129051,0.9863011063138157,0.014197127786544528,0.040582400645002535,0.04371421623856337,0.03343738055795109,0.12240942144493908
100,limiter_class,abs_cap_limiter,1524,0,0.0,1524,1.0,0,0.0,0,0.0,1524,1.0,0.2409670786283909,0.33261044032279474,0.4192867765527785,2.3850024754456407,4.819341572567818,6.652208806455895,0.09582901867176616,0.18462037941605514,0.22296395016795217,0.12708590709683976,0.14877128244648616
100,limiter_class,ratio_cap_limiter,388,0,0.0,388,1.0,0,0.0,388,1.0,0,0.0,0.08455432943048674,0.094497865301012,0.72036136746856,1.3881921562702968,1.9482271186354063,1.9726775153306877,0.05698377034408412,0.07883094767671836,0.07984044216734253,0.07229710847198989,0.09685631842887792
100,limiter_class,secondary_vector_safety,0,0,nan,0,nan,0,nan,0,nan,0,nan,nan,nan,nan,nan,nan,nan,nan,nan,nan,nan,nan
100,limiter_class,inactive_or_fallback,0,0,nan,0,nan,0,nan,0,nan,0,nan,nan,nan,nan,nan,nan,nan,nan,nan,nan,nan,nan
100,normal_agreement_bin,normal_0_0p5,0,0,nan,0,nan,0,nan,0,nan,0,nan,nan,nan,nan,nan,nan,nan,nan,nan,nan,nan,nan
100,normal_agreement_bin,normal_0p5_0p9,0,0,nan,0,nan,0,nan,0,nan,0,nan,nan,nan,nan,nan,nan,nan,nan,nan,nan,nan,nan
100,normal_agreement_bin,normal_0p9_0p99,960,0,0.0,592,0.6166666666666667,0,0.0,560,0.5833333333333334,400,0.4166666666666667,0.16040821128993862,0.2366352711612899,0.7203613707194586,1.3881921500055636,3.208164225798772,4.732705423225798,0.058535078655679654,0.12274163637824953,0.1791069974200325,0.07866231898909176,0.14626911108492696
100,normal_agreement_bin,normal_0p99_1p01,4216,0,0.0,2064,0.48956356736242884,0,0.0,2784,0.6603415559772297,1432,0.3396584440227704,0.1766792839923988,0.2654683313884686,1.0,0.9343440712021617,3.533585679847976,5.309366627769371,0.0411831314659009,0.14916794406802977,0.19937353939005667,0.05505206057452443,0.14360576316073426
100,c_x_tangent:c_0_0p05,t_0_0p005,172,0,0.0,0,0.0,0,0.0,172,1.0,0,0.0,0.0010266634059110063,0.0015590892314450056,1.0,0.0008781861850799415,0.07861176116648863,0.1267535642163708,2.09781721067302e-05,0.000275765412249758,0.0003771070748676761,0.01599258470361995,0.024600326689331698
100,c_x_tangent:c_0_0p05,t_0p005_0p01,524,0,0.0,0,0.0,0,0.0,524,1.0,0,0.0,0.002078895049547348,0.0033510576612410478,1.0,0.023013935875811714,0.1739146859037136,0.22788225818786567,0.0014178355678030909,0.008631821133545485,0.009638954504159032,0.020367504778955166,0.028177520782737924
100,c_x_tangent:c_0_0p05,t_0p01_0p02,100,0,0.0,0,0.0,0,0.0,100,1.0,0,0.0,0.008546492432826291,0.00886095331416317,1.0,0.27224795883883124,0.5922116801402584,0.5996387831813199,0.014657937265283125,0.02562117755328126,0.026168241377568843,0.027465352115903265,0.02973009881654101
100,c_x_tangent:c_0_0p05,t_0p02_0p05,0,0,nan,0,nan,0,nan,0,nan,0,nan,nan,nan,nan,nan,nan,nan,nan,nan,nan,nan,nan
100,c_x_tangent:c_0_0p05,t_0p05_0p10,0,0,nan,0,nan,0,nan,0,nan,0,nan,nan,nan,nan,nan,nan,nan,nan,nan,nan,nan,nan
100,c_x_tangent:c_0_0p05,t_0p10_inf,0,0,nan,0,nan,0,nan,0,nan,0,nan,nan,nan,nan,nan,nan,nan,nan,nan,nan,nan,nan
100,c_x_tangent:c_0p05_0p10,t_0_0p005,20,0,0.0,0,0.0,0,0.0,20,1.0,0,0.0,0.017957249893151252,0.017957249893151277,1.0,0.09233203495754841,0.6340416472377841,0.6340416472377841,0.0004585790230720281,0.0032339957671130527,0.003233995767113075,0.04430247910096157,0.05664375521877003
100,c_x_tangent:c_0p05_0p10,t_0p005_0p01,68,0,0.0,0,0.0,0,0.0,68,1.0,0,0.0,0.019627680797485093,0.019627682121820412,1.0,0.4033139910594655,0.8361945790818329,0.836194607312353,0.002688817091106177,0.00963253143875509,0.009632533277790898,0.03559847480412716,0.04694524764567799
100,c_x_tangent:c_0p05_0p10,t_0p01_0p02,396,0,0.0,24,0.06060606060606061,0,0.0,396,1.0,0,0.0,0.019082175274127505,0.025952115595719204,1.0,0.3260370340796982,1.0190731010838359,1.0931537992428824,0.019514814254438562,0.04347414209381953,0.04533199463928045,0.04012827515417984,0.05675766292406162
100,c_x_tangent:c_0p05_0p10,t_0p02_0p05,96,0,0.0,24,0.25,0,0.0,96,1.0,0,0.0,0.038157745960869065,0.038157750369051405,1.0,0.826278317200692,1.7136691006071514,1.7136693925555004,0.03772125037683839,0.06937795808608277,0.06937796958646122,0.04938689029342412,0.05712376752133515
100,c_x_tangent:c_0p05_0p10,t_0p05_0p10,0,0,nan,0,nan,0,nan,0,nan,0,nan,nan,nan,nan,nan,nan,nan,nan,nan,nan,nan,nan
100,c_x_tangent:c_0p05_0p10,t_0p10_inf,0,0,nan,0,nan,0,nan,0,nan,0,nan,nan,nan,nan,nan,nan,nan,nan,nan,nan,nan,nan
100,c_x_tangent:c_0p10_0p30,t_0_0p005,0,0,nan,0,nan,0,nan,0,nan,0,nan,nan,nan,nan,nan,nan,nan,nan,nan,nan,nan,nan
100,c_x_tangent:c_0p10_0p30,t_0p005_0p01,16,0,0.0,16,1.0,0,0.0,16,1.0,0,0.0,0.042254126439763874,0.04225412643976389,0.8982363877802516,1.1158181055843592,1.1689021673950133,1.168902167395014,0.005456595864850875,0.005540619405737842,0.005540619405737853,0.0741347432787583,0.07597237829495732
100,c_x_tangent:c_0p10_0p30,t_0p01_0p02,56,0,0.0,8,0.14285714285714285,0,0.0,56,1.0,0,0.0,0.04885946897122115,0.04885947224672506,1.0,0.3020099425280366,1.0915126150306222,1.0915126847578567,0.00824304320474636,0.016523474767272426,0.016523479603695174,0.06077344758693005,0.08952616479681888
100,c_x_tangent:c_0p10_0p30,t_0p02_0p05,752,0,0.0,116,0.15425531914893617,0,0.0,544,0.723404255319149,208,0.2765957446808511,0.054447804656016265,0.06500827097494917,1.0,0.528720267506428,1.3881921153626968,1.6249412946285913,0.02877437903674495,0.056983768841173975,0.06603272735967017,0.0856599187007475,0.12393577596395508
100,c_x_tangent:c_0p10_0p30,t_0p05_0p10,180,0,0.0,148,0.8222222222222222,0,0.0,16,0.08888888888888889,164,0.9111111111111111,0.11690755218916735,0.12308150594409566,0.739580720397905,1.35211745306447,2.338151043783347,2.461630118881913,0.05657216038702573,0.09498452517664605,0.10051740750325726,0.11517400750456616,0.12623342663068668
100,c_x_tangent:c_0p10_0p30,t_0p10_inf,0,0,nan,0,nan,0,nan,0,nan,0,nan,nan,nan,nan,nan,nan,nan,nan,nan,nan,nan,nan
100,c_x_tangent:c_0p30_0p70,t_0_0p005,0,0,nan,0,nan,0,nan,0,nan,0,nan,nan,nan,nan,nan,nan,nan,nan,nan,nan,nan,nan
100,c_x_tangent:c_0p30_0p70,t_0p005_0p01,0,0,nan,0,nan,0,nan,0,nan,0,nan,nan,nan,nan,nan,nan,nan,nan,nan,nan,nan,nan
100,c_x_tangent:c_0p30_0p70,t_0p01_0p02,0,0,nan,0,nan,0,nan,0,nan,0,nan,nan,nan,nan,nan,nan,nan,nan,nan,nan,nan,nan
100,c_x_tangent:c_0p30_0p70,t_0p02_0p05,16,0,0.0,0,0.0,0,0.0,0,0.0,16,1.0,0.006735969574627723,0.006735969574627789,1.0,0.12268647414050618,0.13471939149255444,0.13471939149255577,0.0234343039258254,0.02372446068489309,0.023724460684893093,0.13815754852865053,0.14210375705311334
100,c_x_tangent:c_0p30_0p70,t_0p05_0p10,916,0,0.0,868,0.9475982532751092,0,0.0,0,0.0,916,1.0,0.16991452566260176,0.18916554558443033,0.44271330295998346,2.258798173251164,3.3982905132520353,3.783310911688606,0.09090473862521034,0.12736669282934643,0.14681658251126237,0.1390522471745385,0.15207587088637123
100,c_x_tangent:c_0p30_0p70,t_0p10_inf,72,0,0.0,72,1.0,0,0.0,0,0.0,72,1.0,0.3519740072970882,0.35197401157071306,0.18270837090428022,5.473202979429411,7.039480145941764,7.03948023141426,0.17910698847498951,0.23864361313696036,0.23864369723145537,0.10513076305536352,0.13700405932469814
100,c_x_tangent:c_0p70_0p90,t_0_0p005,0,0,nan,0,nan,0,nan,0,nan,0,nan,nan,nan,nan,nan,nan,nan,nan,nan,nan,nan,nan
100,c_x_tangent:c_0p70_0p90,t_0p005_0p01,0,0,nan,0,nan,0,nan,0,nan,0,nan,nan,nan,nan,nan,nan,nan,nan,nan,nan,nan,nan
100,c_x_tangent:c_0p70_0p90,t_0p01_0p02,0,0,nan,0,nan,0,nan,0,nan,0,nan,nan,nan,nan,nan,nan,nan,nan,nan,nan,nan,nan
100,c_x_tangent:c_0p70_0p90,t_0p02_0p05,156,0,0.0,152,0.9743589743589743,0,0.0,152,0.9743589743589743,4,0.02564102564102564,0.09002968202427285,0.09289900048521403,0.4852122832372898,2.0609535960798437,2.544765760211854,2.6215005430904204,0.0836314909377321,0.10971270793498263,0.1148039267015952,0.06086708048198877,0.09685631785591522
100,c_x_tangent:c_0p70_0p90,t_0p05_0p10,624,0,0.0,624,1.0,0,0.0,188,0.30128205128205127,436,0.6987179487179487,0.22000594865838158,0.2482747012357389,0.3951886985359,2.5304367349188186,4.400118973167631,4.965494024714777,0.10632363797227118,0.19213408569044668,0.21150027994398363,0.08678842396843767,0.12123055676627417
100,c_x_tangent:c_0p70_0p90,t_0p10_inf,16,0,0.0,16,1.0,0,0.0,0,0.0,16,1.0,0.29278661653260846,0.2927866165326088,0.1795596917832471,5.58254660013286,5.855732330652169,5.855732330652175,0.2009485990758468,0.2232817164331298,0.22328171643312994,0.06616869687765503,0.08320771792581641
100,c_x_tangent:c_0p90_0p95,t_0_0p005,0,0,nan,0,nan,0,nan,0,nan,0,nan,nan,nan,nan,nan,nan,nan,nan,nan,nan,nan,nan
100,c_x_tangent:c_0p90_0p95,t_0p005_0p01,0,0,nan,0,nan,0,nan,0,nan,0,nan,nan,nan,nan,nan,nan,nan,nan,nan,nan,nan,nan
100,c_x_tangent:c_0p90_0p95,t_0p01_0p02,52,0,0.0,44,0.8461538461538461,0,0.0,52,1.0,0,0.0,0.027334306504906862,0.027334306698687527,0.6303897559552816,1.5863201940593399,1.8136901506438943,1.8136902817075913,0.06415983086951686,0.07344197067331319,0.07344197576841995,0.02863751629553717,0.041458023505518304
100,c_x_tangent:c_0p90_0p95,t_0p02_0p05,416,0,0.0,416,1.0,0,0.0,416,1.0,0,0.0,0.09391760919499435,0.10234198967726153,0.44385782743052704,2.2531057108082146,3.021083416800833,3.2476366408755357,0.09466382201078352,0.1481376999187895,0.17348692327242782,0.036142844229576615,0.0517121695443076
100,c_x_tangent:c_0p90_0p95,t_0p05_0p10,8,0,0.0,8,1.0,0,0.0,8,1.0,0,0.0,0.13615046769184003,0.1361504676918402,0.3061006951648576,3.266898820538212,3.2668993260404644,3.2668993260404653,0.17588965535901202,0.17588971959530864,0.17588971959530877,0.030552543221944728,0.030552544906351408
100,c_x_tangent:c_0p90_0p95,t_0p10_inf,0,0,nan,0,nan,0,nan,0,nan,0,nan,nan,nan,nan,nan,nan,nan,nan,nan,nan,nan,nan
100,c_x_tangent:c_0p95_1,t_0_0p005,0,0,nan,0,nan,0,nan,0,nan,0,nan,nan,nan,nan,nan,nan,nan,nan,nan,nan,nan,nan
100,c_x_tangent:c_0p95_1,t_0p005_0p01,120,0,0.0,0,0.0,0,0.0,120,1.0,0,0.0,0.0010042535216385725,0.001004269502532731,1.0,0.006602430016228788,0.10042535216385724,0.10042695025327308,0.00027387507097859266,0.0041521576861300955,0.0041522228565409915,0.010828740556542753,0.013002567496905771
100,c_x_tangent:c_0p95_1,t_0p01_0p02,328,0,0.0,48,0.14634146341463414,0,0.0,328,1.0,0,0.0,0.015952770575439323,0.019688882905272192,1.0,0.456898353221577,1.1324129971280565,1.379303556534752,0.022852823900543967,0.046531966239900566,0.05816197812709731,0.016878961503002957,0.024247274583279157
100,c_x_tangent:c_0p95_1,t_0p02_0p05,72,0,0.0,72,1.0,0,0.0,72,1.0,0,0.0,0.03614681827208139,0.036146850186189704,0.6796555295864255,1.4713335748312972,1.6921681221787177,1.6921698651519144,0.07117044749046204,0.08871127538686106,0.08871135969041401,0.017247088567324306,0.022303679278352022
100,c_x_tangent:c_0p95_1,t_0p05_0p10,0,0,nan,0,nan,0,nan,0,nan,0,nan,nan,nan,nan,nan,nan,nan,nan,nan,nan,nan,nan
100,c_x_tangent:c_0p95_1,t_0p10_inf,0,0,nan,0,nan,0,nan,0,nan,0,nan,nan,nan,nan,nan,nan,nan,nan,nan,nan,nan,nan
1000,region,none_or_unknown,0,0,nan,0,nan,0,nan,0,nan,0,nan,nan,nan,nan,nan,nan,nan,nan,nan,nan,nan,nan
1000,region,sphere_upper,2160,0,0.0,1764,0.8166666666666667,0,0.0,1328,0.6148148148148148,832,0.3851851851851852,0.21924246815260298,0.298579056362963,0.4938901200372291,2.024741859433629,4.3848493630520595,5.97158112725926,0.0837004817041695,0.17686980372180536,0.22010725751567756,0.05067631758877518,0.13762989818297863
1000,region,sphere_lower90,2688,0,0.0,728,0.2708333333333333,0,0.0,1544,0.5744047619047619,1144,0.4255952380952381,0.11231170624833531,0.1368480654869817,1.0,0.4608934821159043,2.246234124966706,2.736961309739634,0.023808007140758133,0.09143292307569084,0.11093481933918024,0.08613512994508626,0.15076948557238126
1000,region,sphere_bottom120,612,0,0.0,0,0.0,0,0.0,612,1.0,0,0.0,0.0014703189879978688,0.0021592966224985547,1.0,0.008513775395944764,0.12804094666027202,0.15642999814534678,0.000514229927323945,0.006932173214918244,0.01031411343273128,0.017766014126503648,0.027752557472303742
1000,region,outer_or_other_wall,0,0,nan,0,nan,0,nan,0,nan,0,nan,nan,nan,nan,nan,nan,nan,nan,nan,nan,nan,nan
1000,theta_zone,sphere11,5460,0,0.0,2492,0.4564102564102564,0,0.0,3484,0.638095238095238,1976,0.3619047619047619,0.16627378992307998,0.26111415524713644,1.0,0.7499534643757826,3.3254757984615995,5.222283104942728,0.0338352273308682,0.1439417104829111,0.1944604426320138,0.06017788218074154,0.14685006438324216
1000,theta_zone,outer90,0,0,nan,0,nan,0,nan,0,nan,0,nan,nan,nan,nan,nan,nan,nan,nan,nan,nan,nan,nan
1000,theta_zone,fallback,0,0,nan,0,nan,0,nan,0,nan,0,nan,nan,nan,nan,nan,nan,nan,nan,nan,nan,nan,nan
1000,c_bin,c_0_0p05,824,0,0.0,0,0.0,0,0.0,824,1.0,0,0.0,0.003186536261875075,0.007485420881564662,1.0,0.020667092453730357,0.22536682678121406,0.5224239074317715,0.001438465283708091,0.010836917878823415,0.023383909812346466,0.020260206697295974,0.028766724312606726
1000,c_bin,c_0p05_0p10,640,0,0.0,24,0.0375,0,0.0,640,1.0,0,0.0,0.02664803878593991,0.03558786169894827,1.0,0.3652570871106432,0.9678427098286284,1.5024517758050882,0.013975608209266691,0.037376859150455854,0.061236119451170926,0.042564633916267136,0.05567931944796175
1000,c_bin,c_0p10_0p30,1128,0,0.0,164,0.1453900709219858,0,0.0,692,0.6134751773049646,436,0.38652482269503546,0.07101802333529689,0.10232156502037927,1.0,0.36156649299170346,1.521445502746024,2.053367727416373,0.02124094139826142,0.06195348218177347,0.08306599308504777,0.0919999009132831,0.12827463979427192
1000,c_bin,c_0p30_0p70,1084,0,0.0,916,0.8450184501845018,0,0.0,0,0.0,1084,1.0,0.22435028769138,0.33997116194035143,0.5209818280787588,1.9194527449982886,4.487005753827599,6.799423238807028,0.07953589378687799,0.1528193235967809,0.22010728013775935,0.1406761032028237,0.1540033210704858
1000,c_bin,c_0p70_0p90,820,0,0.0,820,1.0,0,0.0,364,0.44390243902439025,456,0.5560975609756098,0.2207246209028739,0.26112363077235373,0.4014480182962775,2.490982529304669,4.414492418057478,5.222472615447074,0.10368188712814833,0.18860627564666782,0.21032996185242858,0.07672063447588418,0.11852414791600878
1000,c_bin,c_0p90_0p95,436,0,0.0,428,0.981651376146789,0,0.0,436,1.0,0,0.0,0.09778670033962857,0.10714709951599076,0.4379558762706338,2.2833350439672113,3.038068377915007,3.2598538590870074,0.09459038313992914,0.14984906094136333,0.17499753223796954,0.033806685476925044,0.04789060911139342
1000,c_bin,c_0p95_1,528,0,0.0,140,0.26515151515151514,0,0.0,528,1.0,0,0.0,0.028641723162065487,0.04160984688837783,1.0,0.38038700836949046,1.6468940817834372,1.8747944468659046,0.01637502424576722,0.07800531202534705,0.0988671116421254,0.01497274589401176,0.025524464339732343
1000,tangent_bin,t_0_0p005,224,0,0.0,0,0.0,0,0.0,224,1.0,0,0.0,0.012295053110342945,0.03138650532157323,1.0,0.003471971293053718,0.5625456623205924,0.7515615304772048,6.934653181290594e-05,0.0027593122473566906,0.0038435977997036863,0.016756275280452936,0.06266292681146693
1000,tangent_bin,t_0p005_0p01,832,0,0.0,8,0.009615384615384616,0,0.0,832,1.0,0,0.0,0.013326539822743694,0.026899881684411975,1.0,0.029531490163956682,0.6344749569830916,0.9666615995069563,0.0020935231097849345,0.007416895235782854,0.009888203102772993,0.021280641497687047,0.04363769649246314
1000,tangent_bin,t_0p01_0p02,928,0,0.0,112,0.1206896551724138,0,0.0,928,1.0,0,0.0,0.027724369205096078,0.0327839791371577,1.0,0.35748721331918154,1.4158146909031677,1.8454601746790147,0.016108603129082827,0.06033728494599298,0.07519065078066783,0.0322415907163877,0.06915042970390016
1000,tangent_bin,t_0p02_0p05,1688,0,0.0,720,0.4265402843601896,0,0.0,1296,0.7677725118483413,392,0.23222748815165878,0.08537893715785391,0.09778757429905002,1.0,0.6798091392516479,2.573540960031409,3.0380778879646426,0.03316992008117497,0.1176276382411651,0.1498500270064232,0.06908020643485943,0.1285197443368522
1000,tangent_bin,t_0p05_0p10,1708,0,0.0,1572,0.9203747072599532,0,0.0,204,0.11943793911007025,1504,0.8805620608899297,0.19396060656162917,0.24407134615697587,0.47920281006091014,2.0867991151241148,3.8792121312325833,4.881426923139517,0.08503131236594211,0.16879838354260443,0.20049331927240446,0.12932273239632192,0.15219989770661826
1000,tangent_bin,t_0p10_inf,80,0,0.0,80,1.0,0,0.0,0,0.0,80,1.0,0.349536663961017,0.34953681345905846,0.18552200061589688,5.3908409958909616,6.990733279220341,6.990736269181169,0.17646799901789129,0.23479896983584275,0.23480325878848116,0.09954405007136252,0.13927807092809516
1000,normal_raw_abs_bin,normal_raw_abs_0_1e-4,0,0,nan,0,nan,0,nan,0,nan,0,nan,nan,nan,nan,nan,nan,nan,nan,nan,nan,nan,nan
1000,normal_raw_abs_bin,normal_raw_abs_1e-4_1e-3,0,0,nan,0,nan,0,nan,0,nan,0,nan,nan,nan,nan,nan,nan,nan,nan,nan,nan,nan,nan
1000,normal_raw_abs_bin,normal_raw_abs_1e-3_1e-2,24,0,0.0,0,0.0,0,0.0,24,1.0,0,0.0,0.0007183137531623688,0.0007183146263738014,1.0,0.00425816165203626,0.06478865963153475,0.06478873159583387,0.00018072494705416678,0.0032685995700336336,0.003268603215001579,0.009307837636863422,0.009966144081254189
1000,normal_raw_abs_bin,normal_raw_abs_1e-2_5e-2,2356,0,0.0,684,0.2903225806451613,0,0.0,2308,0.9796264855687606,48,0.02037351443123939,0.08537910368556838,0.19399768752520946,1.0,0.25176845932210157,2.6811970771307236,3.879953750504189,0.011139726727749745,0.12884631747235714,0.1906825746282776,0.025533444126080246,0.046978024414988356
1000,normal_raw_abs_bin,normal_raw_abs_5e-2_inf,3080,0,0.0,1808,0.587012987012987,0,0.0,1152,0.37402597402597404,1928,0.625974025974026,0.17982496962894431,0.29367046987073275,0.7042723492864731,1.419942592506243,3.596499392578886,5.873409397414655,0.06002525600527145,0.1470670926233742,0.2004922985680724,0.1063081901032418,0.14984450014878928
1000,cap_source,abs_cap_selected,1976,0,0.0,1456,0.7368421052631579,0,0.0,0,0.0,1976,1.0,0.22072458302304215,0.298579071310958,0.5514114606326472,1.8135287658845787,4.414491660460843,5.97158142621916,0.07514642904471404,0.1772860471795391,0.22010727983321923,0.1285197982022454,0.15198085355898022
1000,cap_source,raw_normal_scale_selected,1964,0,0.0,304,0.15478615071283094,0,0.0,1964,1.0,0,0.0,0.05392485692367844,0.08898685887360809,1.0,0.27990916686559275,1.6460313661860966,1.9713359170419227,0.015072334460995537,0.06658099428720361,0.07978493509815891,0.04789062654367547,0.0954863123950995
1000,cap_source,target_scale_selected,884,0,0.0,732,0.8280542986425339,0,0.0,884,1.0,0,0.0,0.12648686228250186,0.14245553763852603,0.45677628841853485,2.1892555046958266,3.0380778879646435,3.259854020894776,0.09026659956332883,0.14985002700642325,0.1749975526568935,0.03096168645037166,0.07387311468867816
1000,cap_source,tangent_scale_selected,0,0,nan,0,nan,0,nan,0,nan,0,nan,nan,nan,nan,nan,nan,nan,nan,nan,nan,nan,nan
1000,cap_source,floor_scale_selected,636,0,0.0,0,0.0,0,0.0,636,1.0,0,0.0,0.002709274856668913,0.004146469052450116,1.0,0.006542250894003288,0.2709274856668913,0.4146469052450116,0.0004066425716634395,0.011176091668564743,0.01759749666709283,0.014992546842636182,0.019354324763037705
1000,cap_source,none_or_inactive,0,0,nan,0,nan,0,nan,0,nan,0,nan,nan,nan,nan,nan,nan,nan,nan,nan,nan,nan,nan
1000,stage8g_mode,mode_0,0,0,nan,0,nan,0,nan,0,nan,0,nan,nan,nan,nan,nan,nan,nan,nan,nan,nan,nan,nan
1000,stage8g_mode,mode_1,0,0,nan,0,nan,0,nan,0,nan,0,nan,nan,nan,nan,nan,nan,nan,nan,nan,nan,nan,nan
1000,stage8g_mode,mode_2,0,0,nan,0,nan,0,nan,0,nan,0,nan,nan,nan,nan,nan,nan,nan,nan,nan,nan,nan,nan
1000,stage8g_mode,mode_3,5460,0,0.0,2492,0.4564102564102564,0,0.0,3484,0.638095238095238,1976,0.3619047619047619,0.16627378992307998,0.26111415524713644,1.0,0.7499534643757826,3.3254757984615995,5.222283104942728,0.0338352273308682,0.1439417104829111,0.1944604426320138,0.06017788218074154,0.14685006438324216
1000,stage8h_mode,mode_0,0,0,nan,0,nan,0,nan,0,nan,0,nan,nan,nan,nan,nan,nan,nan,nan,nan,nan,nan,nan
1000,stage8h_mode,mode_1,0,0,nan,0,nan,0,nan,0,nan,0,nan,nan,nan,nan,nan,nan,nan,nan,nan,nan,nan,nan
1000,stage8h_mode,mode_2,0,0,nan,0,nan,0,nan,0,nan,0,nan,nan,nan,nan,nan,nan,nan,nan,nan,nan,nan,nan
1000,stage8h_mode,mode_3,0,0,nan,0,nan,0,nan,0,nan,0,nan,nan,nan,nan,nan,nan,nan,nan,nan,nan,nan,nan
1000,stage8h_mode,mode_4,5460,0,0.0,2492,0.4564102564102564,0,0.0,3484,0.638095238095238,1976,0.3619047619047619,0.16627378992307998,0.26111415524713644,1.0,0.7499534643757826,3.3254757984615995,5.222283104942728,0.0338352273308682,0.1439417104829111,0.1944604426320138,0.06017788218074154,0.14685006438324216
1000,limiter_class,none,2968,0,0.0,0,0.0,0,0.0,2448,0.8247978436657682,520,0.1752021563342318,0.03358920348292051,0.04803578543498461,1.0,0.18792891187553085,0.826532128861868,0.9721074964484747,0.01201605474161518,0.03863357437205017,0.04579800510533007,0.04099896763951767,0.13456445385530894
1000,limiter_class,abs_cap_limiter,1456,0,0.0,1456,1.0,0,0.0,0,0.0,1456,1.0,0.244071354229398,0.33997093243445514,0.4644283835692162,2.15318450675822,4.88142708458796,6.799418648689103,0.08773174543702753,0.18642262547405655,0.22077220915462728,0.12935804234220089,0.15005262638398817
1000,limiter_class,ratio_cap_limiter,304,0,0.0,304,1.0,0,0.0,304,1.0,0,0.0,0.09336111594556928,0.09803175003983326,0.6472074757766613,1.5454730668274215,1.9841599774363439,1.9977883542083412,0.06280711399728446,0.0803161666816164,0.08088184833497378,0.07322399703525247,0.09870885562723429
1000,limiter_class,secondary_vector_safety,0,0,nan,0,nan,0,nan,0,nan,0,nan,nan,nan,nan,nan,nan,nan,nan,nan,nan,nan,nan
1000,limiter_class,inactive_or_fallback,0,0,nan,0,nan,0,nan,0,nan,0,nan,nan,nan,nan,nan,nan,nan,nan,nan,nan,nan,nan
1000,normal_agreement_bin,normal_0_0p5,0,0,nan,0,nan,0,nan,0,nan,0,nan,nan,nan,nan,nan,nan,nan,nan,nan,nan,nan,nan
1000,normal_agreement_bin,normal_0p5_0p9,0,0,nan,0,nan,0,nan,0,nan,0,nan,nan,nan,nan,nan,nan,nan,nan,nan,nan,nan,nan
1000,normal_agreement_bin,normal_0p9_0p99,968,0,0.0,532,0.5495867768595041,0,0.0,548,0.5661157024793388,420,0.43388429752066116,0.15043300058500472,0.22435113338821397,0.8896451196452055,1.1245718322765064,3.008660011700094,4.487022667764279,0.04839375014508206,0.12246607358299416,0.17469993991405586,0.08827026276219416,0.1498445170863005
1000,normal_agreement_bin,normal_0p99_1p01,4492,0,0.0,1960,0.4363312555654497,0,0.0,2936,0.653606411398041,1556,0.346393588601959,0.17146432000544545,0.26112351479229495,1.0,0.6889153195456916,3.429286400108909,5.222470295845898,0.031193505017430845,0.1479513833890611,0.20049234063736907,0.055679309810788016,0.146272909319116
1000,c_x_tangent:c_0_0p05,t_0_0p005,188,0,0.0,0,0.0,0,0.0,188,1.0,0,0.0,0.001119859613189073,0.003967693241239936,1.0,0.0008288727567067025,0.0909109797712105,0.24148139029146504,2.2151476359893112e-05,0.00021934743015361628,0.0011565551727280485,0.015190488650881104,0.024636399605907883
1000,c_x_tangent:c_0_0p05,t_0p005_0p01,560,0,0.0,0,0.0,0,0.0,560,1.0,0,0.0,0.001764732021040684,0.0034173717277156436,1.0,0.023097291192273193,0.12829106516973465,0.2221250926992597,0.0022485586009438454,0.0074167448664767275,0.01031400311487618,0.020822334050871243,0.02843023296891971
1000,c_x_tangent:c_0_0p05,t_0p01_0p02,76,0,0.0,0,0.0,0,0.0,76,1.0,0,0.0,0.010446345325535181,0.010446512965864064,1.0,0.2253533266262328,0.7158203773965758,0.7158283585655382,0.010901664520911281,0.03015736274409278,0.030157706272551727,0.02670970668058983,0.030648113053253684
1000,c_x_tangent:c_0_0p05,t_0p02_0p05,0,0,nan,0,nan,0,nan,0,nan,0,nan,nan,nan,nan,nan,nan,nan,nan,nan,nan,nan,nan
1000,c_x_tangent:c_0_0p05,t_0p05_0p10,0,0,nan,0,nan,0,nan,0,nan,0,nan,nan,nan,nan,nan,nan,nan,nan,nan,nan,nan,nan
1000,c_x_tangent:c_0_0p05,t_0p10_inf,0,0,nan,0,nan,0,nan,0,nan,0,nan,nan,nan,nan,nan,nan,nan,nan,nan,nan,nan,nan
1000,c_x_tangent:c_0p05_0p10,t_0_0p005,24,0,0.0,0,0.0,0,0.0,24,1.0,0,0.0,0.012295091253858869,0.012295094777000014,1.0,0.4120465503487655,0.5625471924472989,0.5625473833973014,0.00211282391386937,0.002759318361225217,0.002759318988556142,0.05109902590135107,0.0516354904153665
1000,c_x_tangent:c_0p05_0p10,t_0p005_0p01,136,0,0.0,0,0.0,0,0.0,136,1.0,0,0.0,0.026899661790400244,0.026899872413338997,1.0,0.3884536214714733,0.9666576373209237,0.9666614361734629,0.0035799184519524434,0.008100716971280234,0.008100815480657447,0.036088731301423184,0.05567930382458748
1000,c_x_tangent:c_0p05_0p10,t_0p01_0p02,408,0,0.0,0,0.0,0,0.0,408,1.0,0,0.0,0.013635230323777751,0.01641165276574725,1.0,0.26887788045334515,0.6908860481334022,0.7306363689426978,0.016218057360600953,0.033506757112364345,0.033863635404090875,0.042252580163882836,0.053283940691376916
1000,c_x_tangent:c_0p05_0p10,t_0p02_0p05,72,0,0.0,24,0.3333333333333333,0,0.0,72,1.0,0,0.0,0.03558788283053315,0.035589665093596505,1.0,0.8060496843981403,1.502452024397419,1.502505210806687,0.03707799284322144,0.06123612882070146,0.06123813344647621,0.047373075896969465,0.05688786220760814
1000,c_x_tangent:c_0p05_0p10,t_0p05_0p10,0,0,nan,0,nan,0,nan,0,nan,0,nan,nan,nan,nan,nan,nan,nan,nan,nan,nan,nan,nan
1000,c_x_tangent:c_0p05_0p10,t_0p10_inf,0,0,nan,0,nan,0,nan,0,nan,0,nan,nan,nan,nan,nan,nan,nan,nan,nan,nan,nan,nan
1000,c_x_tangent:c_0p10_0p30,t_0_0p005,12,0,0.0,0,0.0,0,0.0,12,1.0,0,0.0,0.031386838567427154,0.03138683856742726,1.0,0.7515602396672412,0.7515697087731071,0.7515697087731095,0.0038435914839094467,0.003843640644639749,0.0038436406446397627,0.083523183976811,0.08352344831073066
1000,c_x_tangent:c_0p10_0p30,t_0p005_0p01,8,0,0.0,8,1.0,0,0.0,8,1.0,0,0.0,0.045401040372217545,0.04540104037221762,0.8773660681780968,1.1397751021738465,1.1397813058840547,1.1397813058840567,0.005747649946708042,0.005747676518177765,0.0057476765181777795,0.0796661232087428,0.07966627486807903
1000,c_x_tangent:c_0p10_0p30,t_0p01_0p02,88,0,0.0,8,0.09090909090909091,0,0.0,88,1.0,0,0.0,0.053882825374382846,0.05388308574530955,1.0,0.4510572344340079,1.1286002611406687,1.1286025834480098,0.005359454849188651,0.016989816054232974,0.016989827052662474,0.06915047894439136,0.095486114259639
1000,c_x_tangent:c_0p10_0p30,t_0p02_0p05,912,0,0.0,56,0.06140350877192982,0,0.0,568,0.6228070175438597,344,0.37719298245614036,0.04371952302995911,0.05359383505609099,1.0,0.2868653075091322,1.0488145833789486,1.4514467894923626,0.02124094139826142,0.045011098667266596,0.05932446590589267,0.08941487310101696,0.1282724395177664
1000,c_x_tangent:c_0p10_0p30,t_0p05_0p10,108,0,0.0,92,0.8518518518518519,0,0.0,16,0.14814814814814814,92,0.8518518518518519,0.10482644101378613,0.10483874305291938,0.6910990693716034,1.4469705492583818,2.096528820275722,2.096774861058387,0.05971863572739089,0.08479654276784988,0.08480643581309663,0.11543428293887996,0.12952162228055644
1000,c_x_tangent:c_0p10_0p30,t_0p10_inf,0,0,nan,0,nan,0,nan,0,nan,0,nan,nan,nan,nan,nan,nan,nan,nan,nan,nan,nan,nan
1000,c_x_tangent:c_0p30_0p70,t_0_0p005,0,0,nan,0,nan,0,nan,0,nan,0,nan,nan,nan,nan,nan,nan,nan,nan,nan,nan,nan,nan
1000,c_x_tangent:c_0p30_0p70,t_0p005_0p01,0,0,nan,0,nan,0,nan,0,nan,0,nan,nan,nan,nan,nan,nan,nan,nan,nan,nan,nan,nan
1000,c_x_tangent:c_0p30_0p70,t_0p01_0p02,0,0,nan,0,nan,0,nan,0,nan,0,nan,nan,nan,nan,nan,nan,nan,nan,nan,nan,nan,nan
1000,c_x_tangent:c_0p30_0p70,t_0p02_0p05,48,0,0.0,0,0.0,0,0.0,0,0.0,48,1.0,0.015485847422458343,0.015486006931452469,1.0,0.16960141814339494,0.30971694844916686,0.3097201386290494,0.0198999489626413,0.028599856270531666,0.028599949086226917,0.13924358001850906,0.14570966152723439
1000,c_x_tangent:c_0p30_0p70,t_0p05_0p10,972,0,0.0,852,0.8765432098765432,0,0.0,0,0.0,972,1.0,0.1616884804875938,0.17776897685833412,0.5211414972330612,1.918864656354144,3.2337696097518758,3.555379537166682,0.079312872675001,0.12246607358299415,0.1439417201324267,0.141895147922827,0.15400583919195548
1000,c_x_tangent:c_0p30_0p70,t_0p10_inf,64,0,0.0,64,1.0,0,0.0,0,0.0,64,1.0,0.34953674068833956,0.34953681345905846,0.18552200061589688,5.3908409958909616,6.990734813766791,6.990736269181169,0.1759932715867566,0.23479897918316986,0.2348032587884812,0.10704240868344778,0.1392780920896641
1000,c_x_tangent:c_0p70_0p90,t_0_0p005,0,0,nan,0,nan,0,nan,0,nan,0,nan,nan,nan,nan,nan,nan,nan,nan,nan,nan,nan,nan
1000,c_x_tangent:c_0p70_0p90,t_0p005_0p01,0,0,nan,0,nan,0,nan,0,nan,0,nan,nan,nan,nan,nan,nan,nan,nan,nan,nan,nan,nan
1000,c_x_tangent:c_0p70_0p90,t_0p01_0p02,0,0,nan,0,nan,0,nan,0,nan,0,nan,nan,nan,nan,nan,nan,nan,nan,nan,nan,nan,nan
1000,c_x_tangent:c_0p70_0p90,t_0p02_0p05,176,0,0.0,176,1.0,0,0.0,176,1.0,0,0.0,0.09285947693603058,0.0954522386693124,0.46022161000280015,2.1729860264546654,2.573558507422866,2.6041983896878707,0.08883410086070934,0.1115492979178886,0.11361383410355966,0.05861836610198854,0.08438064862235442
1000,c_x_tangent:c_0p70_0p90,t_0p05_0p10,628,0,0.0,628,1.0,0,0.0,188,0.29936305732484075,440,0.7006369426751592,0.22019801779228984,0.2551365809923454,0.39214654705495977,2.5500670795396525,4.403960355845796,5.1027316198469075,0.1093040565697164,0.1916053741756607,0.2103195414157079,0.08531466324228323,0.12014112675659305
1000,c_x_tangent:c_0p70_0p90,t_0p10_inf,16,0,0.0,16,1.0,0,0.0,0,0.0,16,1.0,0.2937106419628427,0.29371064196284274,0.18086952133435147,5.5479410064308645,5.874212839256853,5.874212839256854,0.19821109491556627,0.22077308232344428,0.2207730823234445,0.06874916391674066,0.08589443318599346
1000,c_x_tangent:c_0p90_0p95,t_0_0p005,0,0,nan,0,nan,0,nan,0,nan,0,nan,nan,nan,nan,nan,nan,nan,nan,nan,nan,nan,nan
1000,c_x_tangent:c_0p90_0p95,t_0p005_0p01,0,0,nan,0,nan,0,nan,0,nan,0,nan,nan,nan,nan,nan,nan,nan,nan,nan,nan,nan,nan
1000,c_x_tangent:c_0p90_0p95,t_0p01_0p02,36,0,0.0,36,1.0,0,0.0,36,1.0,0,0.0,0.028617214697972543,0.028617248068549924,0.6075215472667496,1.6460321522738512,1.8815302539997956,1.881531050360017,0.06658102615347543,0.0761697491518043,0.07616978090581654,0.02859166293894223,0.030419085355799763
1000,c_x_tangent:c_0p90_0p95,t_0p02_0p05,400,0,0.0,392,0.98,0,0.0,400,1.0,0,0.0,0.09778729650337802,0.10714710157774697,0.43720227125696987,2.2872708260351637,3.0380696286592888,3.2598538603704754,0.095432506440197,0.14984918799594013,0.17499753239993357,0.03498928775931791,0.04789066296054992
1000,c_x_tangent:c_0p90_0p95,t_0p05_0p10,0,0,nan,0,nan,0,nan,0,nan,0,nan,nan,nan,nan,nan,nan,nan,nan,nan,nan,nan,nan
1000,c_x_tangent:c_0p90_0p95,t_0p10_inf,0,0,nan,0,nan,0,nan,0,nan,0,nan,nan,nan,nan,nan,nan,nan,nan,nan,nan,nan,nan
1000,c_x_tangent:c_0p95_1,t_0_0p005,0,0,nan,0,nan,0,nan,0,nan,0,nan,nan,nan,nan,nan,nan,nan,nan,nan,nan,nan,nan
1000,c_x_tangent:c_0p95_1,t_0p005_0p01,128,0,0.0,0,0.0,0,0.0,128,1.0,0,0.0,0.0014701552006465216,0.0014739213354202424,1.0,0.010290731635019642,0.14701552006465216,0.14739213354202424,0.00043148955749126416,0.006105696811211413,0.006121747440919073,0.011029374820841011,0.013177773196588777
1000,c_x_tangent:c_0p95_1,t_0p01_0p02,320,0,0.0,68,0.2125,0,0.0,320,1.0,0,0.0,0.01855155588836799,0.02363584200623576,1.0,0.47869508109454373,1.264190627768,1.5620426435147368,0.020859300581063334,0.05223124716719058,0.06613823650656289,0.015822717984793525,0.025593547083681903
1000,c_x_tangent:c_0p95_1,t_0p02_0p05,80,0,0.0,72,0.9,0,0.0,80,1.0,0,0.0,0.04161780530518965,0.041617974850369575,0.6364652395563949,1.57271613444754,1.8750267632449211,1.8750322001328337,0.07214663213559169,0.09888328142268779,0.0988835767223864,0.017661549889023555,0.0229610511958567
1000,c_x_tangent:c_0p95_1,t_0p05_0p10,0,0,nan,0,nan,0,nan,0,nan,0,nan,nan,nan,nan,nan,nan,nan,nan,nan,nan,nan,nan
1000,c_x_tangent:c_0p95_1,t_0p10_inf,0,0,nan,0,nan,0,nan,0,nan,0,nan,nan,nan,nan,nan,nan,nan,nan,nan,nan,nan,nan
