step,group,bin,active_count,limiter_count,limiter_fraction,raw_delta_p95,raw_delta_p99,limiter_ratio_p50
0,region,none_or_unknown,0,0,nan,nan,nan,nan
0,region,sphere_upper,780,388,0.49743589743589745,0.7527197806345167,0.8271105440830033,1.0
0,region,sphere_lower90,0,0,nan,nan,nan,nan
0,region,sphere_bottom120,0,0,nan,nan,nan,nan
0,region,outer_or_other_wall,0,0,nan,nan,nan,nan
0,theta_zone,sphere11,780,388,0.49743589743589745,0.7527197806345167,0.8271105440830033,1.0
0,theta_zone,outer90,0,0,nan,nan,nan,nan
0,theta_zone,fallback,0,0,nan,nan,nan,nan
0,c_bin,c_0_0p05,216,0,0.0,0.12516784419779517,0.12572284244889265,1.0
0,c_bin,c_0p05_0p10,152,8,0.05263157894736842,0.2505731300499456,0.2515586313145287,1.0
0,c_bin,c_0p10_0p30,248,232,0.9354838709677419,0.561291661926076,0.5690887979522019,0.5311401759182841
0,c_bin,c_0p30_0p70,164,148,0.9024390243902439,0.8265574081139025,0.8291913889191438,0.43031885210835824
0,c_bin,c_0p70_0p90,0,0,nan,nan,nan,nan
0,c_bin,c_0p90_0p95,0,0,nan,nan,nan,nan
0,c_bin,c_0p95_1,0,0,nan,nan,nan,nan
0,tangent_bin,t_0_0p005,4,0,0.0,0.1930335239405242,0.1930335239405242,1.0
0,tangent_bin,t_0p005_0p01,0,0,nan,nan,nan,nan
0,tangent_bin,t_0p01_0p025,236,8,0.03389830508474576,0.22997567908506364,0.2610104794815701,1.0
0,tangent_bin,t_0p025_0p05,224,64,0.2857142857142857,0.36921788288988655,0.37584415532142584,1.0
0,tangent_bin,t_0p05_0p10,240,240,1.0,0.582035426896938,0.6066496953186229,0.4709452643138231
0,tangent_bin,t_0p10_inf,76,76,1.0,0.8291913889191438,0.8291913889191438,0.3321289096307879
0,normal_agreement_bin,normal_0_0p5,0,0,nan,nan,nan,nan
0,normal_agreement_bin,normal_0p5_0p9,0,0,nan,nan,nan,nan
0,normal_agreement_bin,normal_0p9_0p99,180,92,0.5111111111111111,0.5495270448253979,0.795112199582985,0.9359332792495234
0,normal_agreement_bin,normal_0p99_1p01,600,296,0.49333333333333335,0.7527197806345167,0.8291913889191438,1.0
0,c_x_tangent:c_0_0p05,t_0_0p005,0,0,nan,nan,nan,nan
0,c_x_tangent:c_0_0p05,t_0p005_0p01,0,0,nan,nan,nan,nan
0,c_x_tangent:c_0_0p05,t_0p01_0p025,216,0,0.0,0.12516784419779517,0.12572284244889265,1.0
0,c_x_tangent:c_0_0p05,t_0p025_0p05,0,0,nan,nan,nan,nan
0,c_x_tangent:c_0_0p05,t_0p05_0p10,0,0,nan,nan,nan,nan
0,c_x_tangent:c_0_0p05,t_0p10_inf,0,0,nan,nan,nan,nan
0,c_x_tangent:c_0p05_0p10,t_0_0p005,0,0,nan,nan,nan,nan
0,c_x_tangent:c_0p05_0p10,t_0p005_0p01,0,0,nan,nan,nan,nan
0,c_x_tangent:c_0p05_0p10,t_0p01_0p025,0,0,nan,nan,nan,nan
0,c_x_tangent:c_0p05_0p10,t_0p025_0p05,152,8,0.05263157894736842,0.2505731300499456,0.2515586313145287,1.0
0,c_x_tangent:c_0p05_0p10,t_0p05_0p10,0,0,nan,nan,nan,nan
0,c_x_tangent:c_0p05_0p10,t_0p10_inf,0,0,nan,nan,nan,nan
0,c_x_tangent:c_0p10_0p30,t_0_0p005,0,0,nan,nan,nan,nan
0,c_x_tangent:c_0p10_0p30,t_0p005_0p01,0,0,nan,nan,nan,nan
0,c_x_tangent:c_0p10_0p30,t_0p01_0p025,0,0,nan,nan,nan,nan
0,c_x_tangent:c_0p10_0p30,t_0p025_0p05,64,48,0.75,0.37559919970205413,0.37584415532142595,0.9303678156706632
0,c_x_tangent:c_0p10_0p30,t_0p05_0p10,176,176,1.0,0.5605277861249537,0.561291661926076,0.47079482056939204
0,c_x_tangent:c_0p10_0p30,t_0p10_inf,8,8,1.0,0.5690887979522019,0.5690887979522019,0.43929875425268583
0,c_x_tangent:c_0p30_0p70,t_0_0p005,4,0,0.0,0.1930335239405242,0.1930335239405242,1.0
0,c_x_tangent:c_0p30_0p70,t_0p005_0p01,0,0,nan,nan,nan,nan
0,c_x_tangent:c_0p30_0p70,t_0p01_0p025,20,8,0.4,0.2610104794815701,0.2610104794815701,1.0
0,c_x_tangent:c_0p30_0p70,t_0p025_0p05,8,8,1.0,0.3409228847318749,0.3409228847318749,0.7333036624862654
0,c_x_tangent:c_0p30_0p70,t_0p05_0p10,64,64,1.0,0.6060095427676319,0.6066496953186229,0.4739121207167328
0,c_x_tangent:c_0p30_0p70,t_0p10_inf,68,68,1.0,0.8291913889191438,0.8291913889191438,0.3321289096307879
0,c_x_tangent:c_0p70_0p90,t_0_0p005,0,0,nan,nan,nan,nan
0,c_x_tangent:c_0p70_0p90,t_0p005_0p01,0,0,nan,nan,nan,nan
0,c_x_tangent:c_0p70_0p90,t_0p01_0p025,0,0,nan,nan,nan,nan
0,c_x_tangent:c_0p70_0p90,t_0p025_0p05,0,0,nan,nan,nan,nan
0,c_x_tangent:c_0p70_0p90,t_0p05_0p10,0,0,nan,nan,nan,nan
0,c_x_tangent:c_0p70_0p90,t_0p10_inf,0,0,nan,nan,nan,nan
0,c_x_tangent:c_0p90_0p95,t_0_0p005,0,0,nan,nan,nan,nan
0,c_x_tangent:c_0p90_0p95,t_0p005_0p01,0,0,nan,nan,nan,nan
0,c_x_tangent:c_0p90_0p95,t_0p01_0p025,0,0,nan,nan,nan,nan
0,c_x_tangent:c_0p90_0p95,t_0p025_0p05,0,0,nan,nan,nan,nan
0,c_x_tangent:c_0p90_0p95,t_0p05_0p10,0,0,nan,nan,nan,nan
0,c_x_tangent:c_0p90_0p95,t_0p10_inf,0,0,nan,nan,nan,nan
0,c_x_tangent:c_0p95_1,t_0_0p005,0,0,nan,nan,nan,nan
0,c_x_tangent:c_0p95_1,t_0p005_0p01,0,0,nan,nan,nan,nan
0,c_x_tangent:c_0p95_1,t_0p01_0p025,0,0,nan,nan,nan,nan
0,c_x_tangent:c_0p95_1,t_0p025_0p05,0,0,nan,nan,nan,nan
0,c_x_tangent:c_0p95_1,t_0p05_0p10,0,0,nan,nan,nan,nan
0,c_x_tangent:c_0p95_1,t_0p10_inf,0,0,nan,nan,nan,nan
100,region,none_or_unknown,0,0,nan,nan,nan,nan
100,region,sphere_upper,832,320,0.38461538461538464,0.442876850988228,0.4710410040784809,1.0
100,region,sphere_lower90,0,0,nan,nan,nan,nan
100,region,sphere_bottom120,0,0,nan,nan,nan,nan
100,region,outer_or_other_wall,0,0,nan,nan,nan,nan
100,theta_zone,sphere11,832,320,0.38461538461538464,0.442876850988228,0.4710410040784809,1.0
100,theta_zone,outer90,0,0,nan,nan,nan,nan
100,theta_zone,fallback,0,0,nan,nan,nan,nan
100,c_bin,c_0_0p05,192,0,0.0,0.08555977381373107,0.1353352445318441,1.0
100,c_bin,c_0p05_0p10,196,0,0.0,0.1785056303026162,0.18526010017762487,1.0
100,c_bin,c_0p10_0p30,212,104,0.49056603773584906,0.3505311178164123,0.3736059443317985,1.0
100,c_bin,c_0p30_0p70,180,180,1.0,0.47104100407848076,0.4782053378160367,0.6144675475684409
100,c_bin,c_0p70_0p90,52,36,0.6923076923076923,0.36292257203143646,0.3629225755295076,0.8279449765689081
100,c_bin,c_0p90_0p95,0,0,nan,nan,nan,nan
100,c_bin,c_0p95_1,0,0,nan,nan,nan,nan
100,tangent_bin,t_0_0p005,0,0,nan,nan,nan,nan
100,tangent_bin,t_0p005_0p01,32,0,0.0,0.032181667171291777,0.03218166755106638,1.0
100,tangent_bin,t_0p01_0p025,216,0,0.0,0.08795261921366505,0.09234548337779581,1.0
100,tangent_bin,t_0p025_0p05,176,0,0.0,0.1934786468355708,0.2050806329341316,1.0
100,tangent_bin,t_0p05_0p10,356,268,0.7528089887640449,0.40995812284061284,0.41758629662522334,0.7394184891614197
100,tangent_bin,t_0p10_inf,52,52,1.0,0.4782053363107294,0.4782053434788588,0.5535952350897673
100,normal_agreement_bin,normal_0_0p5,0,0,nan,nan,nan,nan
100,normal_agreement_bin,normal_0p5_0p9,0,0,nan,nan,nan,nan
100,normal_agreement_bin,normal_0p9_0p99,220,72,0.32727272727272727,0.45159348473993327,0.4710410045860186,1.0
100,normal_agreement_bin,normal_0p99_1p01,612,248,0.40522875816993464,0.41758629685121146,0.4680195969083013,1.0
100,c_x_tangent:c_0_0p05,t_0_0p005,0,0,nan,nan,nan,nan
100,c_x_tangent:c_0_0p05,t_0p005_0p01,32,0,0.0,0.032181667171291777,0.03218166755106638,1.0
100,c_x_tangent:c_0_0p05,t_0p01_0p025,156,0,0.0,0.07946665088905949,0.08555977771693667,1.0
100,c_x_tangent:c_0_0p05,t_0p025_0p05,4,0,0.0,0.13533524625026958,0.1353352462502696,1.0
100,c_x_tangent:c_0_0p05,t_0p05_0p10,0,0,nan,nan,nan,nan
100,c_x_tangent:c_0_0p05,t_0p10_inf,0,0,nan,nan,nan,nan
100,c_x_tangent:c_0p05_0p10,t_0_0p005,0,0,nan,nan,nan,nan
100,c_x_tangent:c_0p05_0p10,t_0p005_0p01,0,0,nan,nan,nan,nan
100,c_x_tangent:c_0p05_0p10,t_0p01_0p025,56,0,0.0,0.09234548337779577,0.09234548397861031,1.0
100,c_x_tangent:c_0p05_0p10,t_0p025_0p05,140,0,0.0,0.185260092734834,0.18526010098867196,1.0
100,c_x_tangent:c_0p05_0p10,t_0p05_0p10,0,0,nan,nan,nan,nan
100,c_x_tangent:c_0p05_0p10,t_0p10_inf,0,0,nan,nan,nan,nan
100,c_x_tangent:c_0p10_0p30,t_0_0p005,0,0,nan,nan,nan,nan
100,c_x_tangent:c_0p10_0p30,t_0p005_0p01,0,0,nan,nan,nan,nan
100,c_x_tangent:c_0p10_0p30,t_0p01_0p025,0,0,nan,nan,nan,nan
100,c_x_tangent:c_0p10_0p30,t_0p025_0p05,24,0,0.0,0.20508063337717747,0.20508063348793915,1.0
100,c_x_tangent:c_0p10_0p30,t_0p05_0p10,188,104,0.5531914893617021,0.35053113215032056,0.3736059458358655,0.8323820841306796
100,c_x_tangent:c_0p10_0p30,t_0p10_inf,0,0,nan,nan,nan,nan
100,c_x_tangent:c_0p30_0p70,t_0_0p005,0,0,nan,nan,nan,nan
100,c_x_tangent:c_0p30_0p70,t_0p005_0p01,0,0,nan,nan,nan,nan
100,c_x_tangent:c_0p30_0p70,t_0p01_0p025,0,0,nan,nan,nan,nan
100,c_x_tangent:c_0p30_0p70,t_0p025_0p05,0,0,nan,nan,nan,nan
100,c_x_tangent:c_0p30_0p70,t_0p05_0p10,128,128,1.0,0.41758628949392207,0.41758630456842705,0.6185422000570876
100,c_x_tangent:c_0p30_0p70,t_0p10_inf,52,52,1.0,0.4782053363107294,0.4782053434788588,0.5535952350897673
100,c_x_tangent:c_0p70_0p90,t_0_0p005,0,0,nan,nan,nan,nan
100,c_x_tangent:c_0p70_0p90,t_0p005_0p01,0,0,nan,nan,nan,nan
100,c_x_tangent:c_0p70_0p90,t_0p01_0p025,4,0,0.0,0.0874573669176853,0.08745736691768542,1.0
100,c_x_tangent:c_0p70_0p90,t_0p025_0p05,8,0,0.0,0.18379872924708104,0.18379872924708104,1.0
100,c_x_tangent:c_0p70_0p90,t_0p05_0p10,40,36,0.9,0.3629225722063408,0.36292257552950763,0.8226687789131601
100,c_x_tangent:c_0p70_0p90,t_0p10_inf,0,0,nan,nan,nan,nan
100,c_x_tangent:c_0p90_0p95,t_0_0p005,0,0,nan,nan,nan,nan
100,c_x_tangent:c_0p90_0p95,t_0p005_0p01,0,0,nan,nan,nan,nan
100,c_x_tangent:c_0p90_0p95,t_0p01_0p025,0,0,nan,nan,nan,nan
100,c_x_tangent:c_0p90_0p95,t_0p025_0p05,0,0,nan,nan,nan,nan
100,c_x_tangent:c_0p90_0p95,t_0p05_0p10,0,0,nan,nan,nan,nan
100,c_x_tangent:c_0p90_0p95,t_0p10_inf,0,0,nan,nan,nan,nan
100,c_x_tangent:c_0p95_1,t_0_0p005,0,0,nan,nan,nan,nan
100,c_x_tangent:c_0p95_1,t_0p005_0p01,0,0,nan,nan,nan,nan
100,c_x_tangent:c_0p95_1,t_0p01_0p025,0,0,nan,nan,nan,nan
100,c_x_tangent:c_0p95_1,t_0p025_0p05,0,0,nan,nan,nan,nan
100,c_x_tangent:c_0p95_1,t_0p05_0p10,0,0,nan,nan,nan,nan
100,c_x_tangent:c_0p95_1,t_0p10_inf,0,0,nan,nan,nan,nan
200,region,none_or_unknown,0,0,nan,nan,nan,nan
200,region,sphere_upper,840,344,0.4095238095238095,0.5143648719534109,0.576379316875823,1.0
200,region,sphere_lower90,0,0,nan,nan,nan,nan
200,region,sphere_bottom120,0,0,nan,nan,nan,nan
200,region,outer_or_other_wall,0,0,nan,nan,nan,nan
200,theta_zone,sphere11,840,344,0.4095238095238095,0.5143648719534109,0.576379316875823,1.0
200,theta_zone,outer90,0,0,nan,nan,nan,nan
200,theta_zone,fallback,0,0,nan,nan,nan,nan
200,c_bin,c_0_0p05,192,0,0.0,0.08687851096394082,0.11874226297077803,1.0
200,c_bin,c_0p05_0p10,180,0,0.0,0.1656247506619281,0.17612345173469568,1.0
200,c_bin,c_0p10_0p30,216,108,0.5,0.34268302903637315,0.3575861059835593,0.9903780153156085
200,c_bin,c_0p30_0p70,184,184,1.0,0.5763793167954209,0.585281674376155,0.5567428179251085
200,c_bin,c_0p70_0p90,52,52,1.0,0.4579480030686086,0.4579480077950505,0.6356320146546899
200,c_bin,c_0p90_0p95,12,0,0.0,0.2261142188077078,0.22611421880770807,1.0
200,c_bin,c_0p95_1,4,0,0.0,0.07324302533844876,0.07324302533844876,1.0
200,tangent_bin,t_0_0p005,0,0,nan,nan,nan,nan
200,tangent_bin,t_0p005_0p01,28,0,0.0,0.028740834396327727,0.028740834972168026,1.0
200,tangent_bin,t_0p01_0p025,208,0,0.0,0.08687851090843446,0.11874226273501393,1.0
200,tangent_bin,t_0p025_0p05,200,0,0.0,0.20378810551129026,0.22611420900858326,1.0
200,tangent_bin,t_0p05_0p10,296,236,0.7972972972972973,0.4361694938514732,0.4579480030686084,0.773259004180741
200,tangent_bin,t_0p10_inf,108,108,1.0,0.5763793219399107,0.5852816786819487,0.4968546001390934
200,normal_agreement_bin,normal_0_0p5,0,0,nan,nan,nan,nan
200,normal_agreement_bin,normal_0p5_0p9,0,0,nan,nan,nan,nan
200,normal_agreement_bin,normal_0p9_0p99,220,80,0.36363636363636365,0.530088162325376,0.5405764872060161,1.0
200,normal_agreement_bin,normal_0p99_1p01,620,264,0.4258064516129032,0.5132948796509973,0.5763793217376998,1.0
200,c_x_tangent:c_0_0p05,t_0_0p005,0,0,nan,nan,nan,nan
200,c_x_tangent:c_0_0p05,t_0p005_0p01,28,0,0.0,0.028740834396327727,0.028740834972168026,1.0
200,c_x_tangent:c_0_0p05,t_0p01_0p025,164,0,0.0,0.08687851103178192,0.11874226370426633,1.0
200,c_x_tangent:c_0_0p05,t_0p025_0p05,0,0,nan,nan,nan,nan
200,c_x_tangent:c_0_0p05,t_0p05_0p10,0,0,nan,nan,nan,nan
200,c_x_tangent:c_0_0p05,t_0p10_inf,0,0,nan,nan,nan,nan
200,c_x_tangent:c_0p05_0p10,t_0_0p005,0,0,nan,nan,nan,nan
200,c_x_tangent:c_0p05_0p10,t_0p005_0p01,0,0,nan,nan,nan,nan
200,c_x_tangent:c_0p05_0p10,t_0p01_0p025,40,0,0.0,0.07726853108361609,0.07726853113535899,1.0
200,c_x_tangent:c_0p05_0p10,t_0p025_0p05,140,0,0.0,0.17612344226952217,0.17612345277363073,1.0
200,c_x_tangent:c_0p05_0p10,t_0p05_0p10,0,0,nan,nan,nan,nan
200,c_x_tangent:c_0p05_0p10,t_0p10_inf,0,0,nan,nan,nan,nan
200,c_x_tangent:c_0p10_0p30,t_0_0p005,0,0,nan,nan,nan,nan
200,c_x_tangent:c_0p10_0p30,t_0p005_0p01,0,0,nan,nan,nan,nan
200,c_x_tangent:c_0p10_0p30,t_0p01_0p025,0,0,nan,nan,nan,nan
200,c_x_tangent:c_0p10_0p30,t_0p025_0p05,48,0,0.0,0.2037881125685125,0.2037881156295558,1.0
200,c_x_tangent:c_0p10_0p30,t_0p05_0p10,168,108,0.6428571428571429,0.34268303023075386,0.35758610728807494,0.9349347724081402
200,c_x_tangent:c_0p10_0p30,t_0p10_inf,0,0,nan,nan,nan,nan
200,c_x_tangent:c_0p30_0p70,t_0_0p005,0,0,nan,nan,nan,nan
200,c_x_tangent:c_0p30_0p70,t_0p005_0p01,0,0,nan,nan,nan,nan
200,c_x_tangent:c_0p30_0p70,t_0p01_0p025,0,0,nan,nan,nan,nan
200,c_x_tangent:c_0p30_0p70,t_0p025_0p05,0,0,nan,nan,nan,nan
200,c_x_tangent:c_0p30_0p70,t_0p05_0p10,76,76,1.0,0.43413865442351013,0.4341386573310586,0.6295453990320343
200,c_x_tangent:c_0p30_0p70,t_0p10_inf,108,108,1.0,0.5763793219399107,0.5852816786819487,0.4968546001390934
200,c_x_tangent:c_0p70_0p90,t_0_0p005,0,0,nan,nan,nan,nan
200,c_x_tangent:c_0p70_0p90,t_0p005_0p01,0,0,nan,nan,nan,nan
200,c_x_tangent:c_0p70_0p90,t_0p01_0p025,0,0,nan,nan,nan,nan
200,c_x_tangent:c_0p70_0p90,t_0p025_0p05,0,0,nan,nan,nan,nan
200,c_x_tangent:c_0p70_0p90,t_0p05_0p10,52,52,1.0,0.4579480030686086,0.4579480077950505,0.6356320146546899
200,c_x_tangent:c_0p70_0p90,t_0p10_inf,0,0,nan,nan,nan,nan
200,c_x_tangent:c_0p90_0p95,t_0_0p005,0,0,nan,nan,nan,nan
200,c_x_tangent:c_0p90_0p95,t_0p005_0p01,0,0,nan,nan,nan,nan
200,c_x_tangent:c_0p90_0p95,t_0p01_0p025,0,0,nan,nan,nan,nan
200,c_x_tangent:c_0p90_0p95,t_0p025_0p05,12,0,0.0,0.2261142188077078,0.22611421880770807,1.0
200,c_x_tangent:c_0p90_0p95,t_0p05_0p10,0,0,nan,nan,nan,nan
200,c_x_tangent:c_0p90_0p95,t_0p10_inf,0,0,nan,nan,nan,nan
200,c_x_tangent:c_0p95_1,t_0_0p005,0,0,nan,nan,nan,nan
200,c_x_tangent:c_0p95_1,t_0p005_0p01,0,0,nan,nan,nan,nan
200,c_x_tangent:c_0p95_1,t_0p01_0p025,4,0,0.0,0.07324302533844876,0.07324302533844876,1.0
200,c_x_tangent:c_0p95_1,t_0p025_0p05,0,0,nan,nan,nan,nan
200,c_x_tangent:c_0p95_1,t_0p05_0p10,0,0,nan,nan,nan,nan
200,c_x_tangent:c_0p95_1,t_0p10_inf,0,0,nan,nan,nan,nan
300,region,none_or_unknown,0,0,nan,nan,nan,nan
300,region,sphere_upper,848,380,0.4481132075471698,0.5719591140289452,0.6360582832854509,1.0
300,region,sphere_lower90,0,0,nan,nan,nan,nan
300,region,sphere_bottom120,0,0,nan,nan,nan,nan
300,region,outer_or_other_wall,0,0,nan,nan,nan,nan
300,theta_zone,sphere11,848,380,0.4481132075471698,0.5719591140289452,0.6360582832854509,1.0
300,theta_zone,outer90,0,0,nan,nan,nan,nan
300,theta_zone,fallback,0,0,nan,nan,nan,nan
300,c_bin,c_0_0p05,200,0,0.0,0.08813925490148165,0.10801064215106686,1.0
300,c_bin,c_0p05_0p10,172,0,0.0,0.16638045369354204,0.17724321666238588,1.0
300,c_bin,c_0p10_0p30,224,152,0.6785714285714286,0.3721120586972186,0.40274372607508757,0.8822740612706306
300,c_bin,c_0p30_0p70,160,160,1.0,0.6360582833253484,0.6393086472815486,0.49874087968508746
300,c_bin,c_0p70_0p90,60,60,1.0,0.4477377715788985,0.44773777209840077,0.6834403681855058
300,c_bin,c_0p90_0p95,20,8,0.4,0.2680773203310428,0.2680773203310434,1.0
300,c_bin,c_0p95_1,12,0,0.0,0.1249018842068668,0.12490188420686717,1.0
300,tangent_bin,t_0_0p005,0,0,nan,nan,nan,nan
300,tangent_bin,t_0p005_0p01,40,0,0.0,0.04226119450299483,0.042261194792101824,1.0
300,tangent_bin,t_0p01_0p025,220,0,0.0,0.10801064213515965,0.11205719398806915,1.0
300,tangent_bin,t_0p025_0p05,168,0,0.0,0.18799726844906503,0.22179543623291514,1.0
300,tangent_bin,t_0p05_0p10,300,260,0.8666666666666667,0.4472288656395261,0.4477377715788984,0.7953846087545922
300,tangent_bin,t_0p10_inf,120,120,1.0,0.6360582841428475,0.6393086485103843,0.46754817399154425
300,normal_agreement_bin,normal_0_0p5,0,0,nan,nan,nan,nan
300,normal_agreement_bin,normal_0p5_0p9,0,0,nan,nan,nan,nan
300,normal_agreement_bin,normal_0p9_0p99,220,92,0.41818181818181815,0.5857624045132227,0.5894730348632421,1.0
300,normal_agreement_bin,normal_0p99_1p01,628,288,0.4585987261146497,0.5360609555499191,0.636058284083398,1.0
300,c_x_tangent:c_0_0p05,t_0_0p005,0,0,nan,nan,nan,nan
300,c_x_tangent:c_0_0p05,t_0p005_0p01,40,0,0.0,0.04226119450299483,0.042261194792101824,1.0
300,c_x_tangent:c_0_0p05,t_0p01_0p025,160,0,0.0,0.08813925556422443,0.10801064278734511,1.0
300,c_x_tangent:c_0_0p05,t_0p025_0p05,0,0,nan,nan,nan,nan
300,c_x_tangent:c_0_0p05,t_0p05_0p10,0,0,nan,nan,nan,nan
300,c_x_tangent:c_0_0p05,t_0p10_inf,0,0,nan,nan,nan,nan
300,c_x_tangent:c_0p05_0p10,t_0_0p005,0,0,nan,nan,nan,nan
300,c_x_tangent:c_0p05_0p10,t_0p005_0p01,0,0,nan,nan,nan,nan
300,c_x_tangent:c_0p05_0p10,t_0p01_0p025,56,0,0.0,0.1120571939880688,0.11205719989054609,1.0
300,c_x_tangent:c_0p05_0p10,t_0p025_0p05,116,0,0.0,0.17724320943737454,0.1772432189650087,1.0
300,c_x_tangent:c_0p05_0p10,t_0p05_0p10,0,0,nan,nan,nan,nan
300,c_x_tangent:c_0p05_0p10,t_0p10_inf,0,0,nan,nan,nan,nan
300,c_x_tangent:c_0p10_0p30,t_0_0p005,0,0,nan,nan,nan,nan
300,c_x_tangent:c_0p10_0p30,t_0p005_0p01,0,0,nan,nan,nan,nan
300,c_x_tangent:c_0p10_0p30,t_0p01_0p025,0,0,nan,nan,nan,nan
300,c_x_tangent:c_0p10_0p30,t_0p025_0p05,32,0,0.0,0.18799726609840636,0.18799726844906503,1.0
300,c_x_tangent:c_0p10_0p30,t_0p05_0p10,192,152,0.7916666666666666,0.37211205982319345,0.40274372652596163,0.872916060446064
300,c_x_tangent:c_0p10_0p30,t_0p10_inf,0,0,nan,nan,nan,nan
300,c_x_tangent:c_0p30_0p70,t_0_0p005,0,0,nan,nan,nan,nan
300,c_x_tangent:c_0p30_0p70,t_0p005_0p01,0,0,nan,nan,nan,nan
300,c_x_tangent:c_0p30_0p70,t_0p01_0p025,0,0,nan,nan,nan,nan
300,c_x_tangent:c_0p30_0p70,t_0p025_0p05,0,0,nan,nan,nan,nan
300,c_x_tangent:c_0p30_0p70,t_0p05_0p10,40,40,1.0,0.4313508049167035,0.4313508060319931,0.6243986721484578
300,c_x_tangent:c_0p30_0p70,t_0p10_inf,120,120,1.0,0.6360582841428475,0.6393086485103843,0.46754817399154425
300,c_x_tangent:c_0p70_0p90,t_0_0p005,0,0,nan,nan,nan,nan
300,c_x_tangent:c_0p70_0p90,t_0p005_0p01,0,0,nan,nan,nan,nan
300,c_x_tangent:c_0p70_0p90,t_0p01_0p025,0,0,nan,nan,nan,nan
300,c_x_tangent:c_0p70_0p90,t_0p025_0p05,0,0,nan,nan,nan,nan
300,c_x_tangent:c_0p70_0p90,t_0p05_0p10,60,60,1.0,0.4477377715788985,0.44773777209840077,0.6834403681855058
300,c_x_tangent:c_0p70_0p90,t_0p10_inf,0,0,nan,nan,nan,nan
300,c_x_tangent:c_0p90_0p95,t_0_0p005,0,0,nan,nan,nan,nan
300,c_x_tangent:c_0p90_0p95,t_0p005_0p01,0,0,nan,nan,nan,nan
300,c_x_tangent:c_0p90_0p95,t_0p01_0p025,0,0,nan,nan,nan,nan
300,c_x_tangent:c_0p90_0p95,t_0p025_0p05,12,0,0.0,0.2217954369261908,0.22179543692619144,1.0
300,c_x_tangent:c_0p90_0p95,t_0p05_0p10,8,8,1.0,0.2680773203310433,0.26807732033104353,0.9325667751058954
300,c_x_tangent:c_0p90_0p95,t_0p10_inf,0,0,nan,nan,nan,nan
300,c_x_tangent:c_0p95_1,t_0_0p005,0,0,nan,nan,nan,nan
300,c_x_tangent:c_0p95_1,t_0p005_0p01,0,0,nan,nan,nan,nan
300,c_x_tangent:c_0p95_1,t_0p01_0p025,4,0,0.0,0.0537811289219953,0.05378112892199539,1.0
300,c_x_tangent:c_0p95_1,t_0p025_0p05,8,0,0.0,0.12490188420686697,0.12490188420686721,1.0
300,c_x_tangent:c_0p95_1,t_0p05_0p10,0,0,nan,nan,nan,nan
300,c_x_tangent:c_0p95_1,t_0p10_inf,0,0,nan,nan,nan,nan
400,region,none_or_unknown,0,0,nan,nan,nan,nan
400,region,sphere_upper,848,380,0.4481132075471698,0.6092331723823415,0.6578852431100293,1.0
400,region,sphere_lower90,0,0,nan,nan,nan,nan
400,region,sphere_bottom120,0,0,nan,nan,nan,nan
400,region,outer_or_other_wall,0,0,nan,nan,nan,nan
400,theta_zone,sphere11,848,380,0.4481132075471698,0.6092331723823415,0.6578852431100293,1.0
400,theta_zone,outer90,0,0,nan,nan,nan,nan
400,theta_zone,fallback,0,0,nan,nan,nan,nan
400,c_bin,c_0_0p05,200,0,0.0,0.09222383759766255,0.10107464590639287,1.0
400,c_bin,c_0p05_0p10,160,0,0.0,0.1745222158891964,0.18461088377252094,1.0
400,c_bin,c_0p10_0p30,228,152,0.6666666666666666,0.39058574299468324,0.3993951345740278,0.8597695099982039
400,c_bin,c_0p30_0p70,152,152,1.0,0.6588412884562933,0.6600097972159343,0.46514531586594643
400,c_bin,c_0p70_0p90,76,76,1.0,0.44037778686809786,0.4403777886528276,0.6497268525393458
400,c_bin,c_0p90_0p95,16,0,0.0,0.23276417504771987,0.2327641750477207,1.0
400,c_bin,c_0p95_1,16,0,0.0,0.14923131649231386,0.14923131649231425,1.0
400,tangent_bin,t_0_0p005,0,0,nan,nan,nan,nan
400,tangent_bin,t_0p005_0p01,44,0,0.0,0.04360778671061434,0.043607793446970626,1.0
400,tangent_bin,t_0p01_0p025,224,0,0.0,0.10311219090605829,0.10641865676868048,1.0
400,tangent_bin,t_0p025_0p05,168,0,0.0,0.20510952093385043,0.23276417490892842,1.0
400,tangent_bin,t_0p05_0p10,284,252,0.8873239436619719,0.42295889936851455,0.42565715177547003,0.7677238176449908
400,tangent_bin,t_0p10_inf,128,128,1.0,0.6600097883239496,0.6600097973154994,0.45688039725287444
400,normal_agreement_bin,normal_0_0p5,0,0,nan,nan,nan,nan
400,normal_agreement_bin,normal_0p5_0p9,0,0,nan,nan,nan,nan
400,normal_agreement_bin,normal_0p9_0p99,220,100,0.45454545454545453,0.6111451606386025,0.6125975152437834,1.0
400,normal_agreement_bin,normal_0p99_1p01,628,280,0.445859872611465,0.547189158343109,0.6600097883239497,1.0
400,c_x_tangent:c_0_0p05,t_0_0p005,0,0,nan,nan,nan,nan
400,c_x_tangent:c_0_0p05,t_0p005_0p01,40,0,0.0,0.039183920341457595,0.0391839289972964,1.0
400,c_x_tangent:c_0_0p05,t_0p01_0p025,160,0,0.0,0.09222383853170867,0.10107465258897444,1.0
400,c_x_tangent:c_0_0p05,t_0p025_0p05,0,0,nan,nan,nan,nan
400,c_x_tangent:c_0_0p05,t_0p05_0p10,0,0,nan,nan,nan,nan
400,c_x_tangent:c_0_0p05,t_0p10_inf,0,0,nan,nan,nan,nan
400,c_x_tangent:c_0p05_0p10,t_0_0p005,0,0,nan,nan,nan,nan
400,c_x_tangent:c_0p05_0p10,t_0p005_0p01,0,0,nan,nan,nan,nan
400,c_x_tangent:c_0p05_0p10,t_0p01_0p025,56,0,0.0,0.10641865676868031,0.10641866577297267,1.0
400,c_x_tangent:c_0p05_0p10,t_0p025_0p05,104,0,0.0,0.18461087696562897,0.18461088800240422,1.0
400,c_x_tangent:c_0p05_0p10,t_0p05_0p10,0,0,nan,nan,nan,nan
400,c_x_tangent:c_0p05_0p10,t_0p10_inf,0,0,nan,nan,nan,nan
400,c_x_tangent:c_0p10_0p30,t_0_0p005,0,0,nan,nan,nan,nan
400,c_x_tangent:c_0p10_0p30,t_0p005_0p01,0,0,nan,nan,nan,nan
400,c_x_tangent:c_0p10_0p30,t_0p01_0p025,0,0,nan,nan,nan,nan
400,c_x_tangent:c_0p10_0p30,t_0p025_0p05,44,0,0.0,0.20510951981904624,0.2051095209338504,1.0
400,c_x_tangent:c_0p10_0p30,t_0p05_0p10,184,152,0.8260869565217391,0.39058574653635003,0.39939513469799526,0.7861041003992649
400,c_x_tangent:c_0p10_0p30,t_0p10_inf,0,0,nan,nan,nan,nan
400,c_x_tangent:c_0p30_0p70,t_0_0p005,0,0,nan,nan,nan,nan
400,c_x_tangent:c_0p30_0p70,t_0p005_0p01,0,0,nan,nan,nan,nan
400,c_x_tangent:c_0p30_0p70,t_0p01_0p025,0,0,nan,nan,nan,nan
400,c_x_tangent:c_0p30_0p70,t_0p025_0p05,0,0,nan,nan,nan,nan
400,c_x_tangent:c_0p30_0p70,t_0p05_0p10,32,32,1.0,0.3986335068691912,0.3986335078497257,0.6495651542985852
400,c_x_tangent:c_0p30_0p70,t_0p10_inf,120,120,1.0,0.660009788719442,0.6600097973486877,0.44804720309757606
400,c_x_tangent:c_0p70_0p90,t_0_0p005,0,0,nan,nan,nan,nan
400,c_x_tangent:c_0p70_0p90,t_0p005_0p01,0,0,nan,nan,nan,nan
400,c_x_tangent:c_0p70_0p90,t_0p01_0p025,0,0,nan,nan,nan,nan
400,c_x_tangent:c_0p70_0p90,t_0p025_0p05,0,0,nan,nan,nan,nan
400,c_x_tangent:c_0p70_0p90,t_0p05_0p10,68,68,1.0,0.4256571516022941,0.42565715389478387,0.6497268552147513
400,c_x_tangent:c_0p70_0p90,t_0p10_inf,8,8,1.0,0.44037778865282795,0.44037778865282823,0.5676943917685575
400,c_x_tangent:c_0p90_0p95,t_0_0p005,0,0,nan,nan,nan,nan
400,c_x_tangent:c_0p90_0p95,t_0p005_0p01,0,0,nan,nan,nan,nan
400,c_x_tangent:c_0p90_0p95,t_0p01_0p025,0,0,nan,nan,nan,nan
400,c_x_tangent:c_0p90_0p95,t_0p025_0p05,16,0,0.0,0.23276417504771987,0.2327641750477207,1.0
400,c_x_tangent:c_0p90_0p95,t_0p05_0p10,0,0,nan,nan,nan,nan
400,c_x_tangent:c_0p90_0p95,t_0p10_inf,0,0,nan,nan,nan,nan
400,c_x_tangent:c_0p95_1,t_0_0p005,0,0,nan,nan,nan,nan
400,c_x_tangent:c_0p95_1,t_0p005_0p01,4,0,0.0,0.043607793446970716,0.04360779344697076,1.0
400,c_x_tangent:c_0p95_1,t_0p01_0p025,8,0,0.0,0.10311219302217801,0.10311219302217833,1.0
400,c_x_tangent:c_0p95_1,t_0p025_0p05,4,0,0.0,0.14923131649231425,0.1492313164923143,1.0
400,c_x_tangent:c_0p95_1,t_0p05_0p10,0,0,nan,nan,nan,nan
400,c_x_tangent:c_0p95_1,t_0p10_inf,0,0,nan,nan,nan,nan
500,region,none_or_unknown,0,0,nan,nan,nan,nan
500,region,sphere_upper,860,404,0.4697674418604651,0.618096398550009,0.66080785750581,1.0
500,region,sphere_lower90,0,0,nan,nan,nan,nan
500,region,sphere_bottom120,0,0,nan,nan,nan,nan
500,region,outer_or_other_wall,0,0,nan,nan,nan,nan
500,theta_zone,sphere11,860,404,0.4697674418604651,0.618096398550009,0.66080785750581,1.0
500,theta_zone,outer90,0,0,nan,nan,nan,nan
500,theta_zone,fallback,0,0,nan,nan,nan,nan
500,c_bin,c_0_0p05,204,0,0.0,0.08481819402031245,0.096592461450914,1.0
500,c_bin,c_0p05_0p10,164,0,0.0,0.18350384629940722,0.1940643485163985,1.0
500,c_bin,c_0p10_0p30,212,152,0.7169811320754716,0.4118459251763307,0.4203275498824792,0.8308449939947605
500,c_bin,c_0p30_0p70,152,152,1.0,0.6634670446166361,0.6667171866756281,0.44974550310517597
500,c_bin,c_0p70_0p90,92,92,1.0,0.5217598446438121,0.5217598574212382,0.6320165215351121
500,c_bin,c_0p90_0p95,24,8,0.3333333333333333,0.27103853976330516,0.2710385399631359,1.0
500,c_bin,c_0p95_1,12,0,0.0,0.13033072403878798,0.1303307240387887,1.0
500,tangent_bin,t_0_0p005,0,0,nan,nan,nan,nan
500,tangent_bin,t_0p005_0p01,40,0,0.0,0.03705156222828874,0.0370515773129508,1.0
500,tangent_bin,t_0p01_0p025,232,0,0.0,0.09906557820390618,0.10350500552974191,1.0
500,tangent_bin,t_0p025_0p05,168,0,0.0,0.1940643496229417,0.20762375940462177,1.0
500,tangent_bin,t_0p05_0p10,292,276,0.9452054794520548,0.41184591621086336,0.42032754988247595,0.7166935954532473
500,tangent_bin,t_0p10_inf,128,128,1.0,0.6667171621965352,0.6667171867994691,0.4399343579629617
500,normal_agreement_bin,normal_0_0p5,0,0,nan,nan,nan,nan
500,normal_agreement_bin,normal_0p5_0p9,0,0,nan,nan,nan,nan
500,normal_agreement_bin,normal_0p9_0p99,220,116,0.5272727272727272,0.6233857468836563,0.6280037904902803,0.9709808590996674
500,normal_agreement_bin,normal_0p99_1p01,640,288,0.45,0.5682665957747757,0.6667171621965352,1.0
500,c_x_tangent:c_0_0p05,t_0_0p005,0,0,nan,nan,nan,nan
500,c_x_tangent:c_0_0p05,t_0p005_0p01,40,0,0.0,0.03705156222828874,0.0370515773129508,1.0
500,c_x_tangent:c_0_0p05,t_0p01_0p025,164,0,0.0,0.08481819425566216,0.09659247265253004,1.0
500,c_x_tangent:c_0_0p05,t_0p025_0p05,0,0,nan,nan,nan,nan
500,c_x_tangent:c_0_0p05,t_0p05_0p10,0,0,nan,nan,nan,nan
500,c_x_tangent:c_0_0p05,t_0p10_inf,0,0,nan,nan,nan,nan
500,c_x_tangent:c_0p05_0p10,t_0_0p005,0,0,nan,nan,nan,nan
500,c_x_tangent:c_0p05_0p10,t_0p005_0p01,0,0,nan,nan,nan,nan
500,c_x_tangent:c_0p05_0p10,t_0p01_0p025,60,0,0.0,0.1035050055297419,0.1035050129010956,1.0
500,c_x_tangent:c_0p05_0p10,t_0p025_0p05,104,0,0.0,0.19406433900241313,0.1940643495702476,1.0
500,c_x_tangent:c_0p05_0p10,t_0p05_0p10,0,0,nan,nan,nan,nan
500,c_x_tangent:c_0p05_0p10,t_0p10_inf,0,0,nan,nan,nan,nan
500,c_x_tangent:c_0p10_0p30,t_0_0p005,0,0,nan,nan,nan,nan
500,c_x_tangent:c_0p10_0p30,t_0p005_0p01,0,0,nan,nan,nan,nan
500,c_x_tangent:c_0p10_0p30,t_0p01_0p025,0,0,nan,nan,nan,nan
500,c_x_tangent:c_0p10_0p30,t_0p025_0p05,44,0,0.0,0.19309398370479716,0.1930939871482475,1.0
500,c_x_tangent:c_0p10_0p30,t_0p05_0p10,168,152,0.9047619047619048,0.41184592784358104,0.42032755020461404,0.7821669180018305
500,c_x_tangent:c_0p10_0p30,t_0p10_inf,0,0,nan,nan,nan,nan
500,c_x_tangent:c_0p30_0p70,t_0_0p005,0,0,nan,nan,nan,nan
500,c_x_tangent:c_0p30_0p70,t_0p005_0p01,0,0,nan,nan,nan,nan
500,c_x_tangent:c_0p30_0p70,t_0p01_0p025,0,0,nan,nan,nan,nan
500,c_x_tangent:c_0p30_0p70,t_0p025_0p05,0,0,nan,nan,nan,nan
500,c_x_tangent:c_0p30_0p70,t_0p05_0p10,48,48,1.0,0.3809889731012807,0.3809889738795973,0.6754832582813566
500,c_x_tangent:c_0p30_0p70,t_0p10_inf,104,104,1.0,0.6667171715396832,0.6667171869233102,0.42380310164488855
500,c_x_tangent:c_0p70_0p90,t_0_0p005,0,0,nan,nan,nan,nan
500,c_x_tangent:c_0p70_0p90,t_0p005_0p01,0,0,nan,nan,nan,nan
500,c_x_tangent:c_0p70_0p90,t_0p01_0p025,0,0,nan,nan,nan,nan
500,c_x_tangent:c_0p70_0p90,t_0p025_0p05,0,0,nan,nan,nan,nan
500,c_x_tangent:c_0p70_0p90,t_0p05_0p10,68,68,1.0,0.4030638172480251,0.4030638199734984,0.6807905912797325
500,c_x_tangent:c_0p70_0p90,t_0p10_inf,24,24,1.0,0.5217598573899819,0.5217598574212403,0.5118966590731673
500,c_x_tangent:c_0p90_0p95,t_0_0p005,0,0,nan,nan,nan,nan
500,c_x_tangent:c_0p90_0p95,t_0p005_0p01,0,0,nan,nan,nan,nan
500,c_x_tangent:c_0p90_0p95,t_0p01_0p025,0,0,nan,nan,nan,nan
500,c_x_tangent:c_0p90_0p95,t_0p025_0p05,16,0,0.0,0.207623759435092,0.20762375943509262,1.0
500,c_x_tangent:c_0p90_0p95,t_0p05_0p10,8,8,1.0,0.2710385399631358,0.2710385399631361,0.9223780572324755
500,c_x_tangent:c_0p90_0p95,t_0p10_inf,0,0,nan,nan,nan,nan
500,c_x_tangent:c_0p95_1,t_0_0p005,0,0,nan,nan,nan,nan
500,c_x_tangent:c_0p95_1,t_0p005_0p01,0,0,nan,nan,nan,nan
500,c_x_tangent:c_0p95_1,t_0p01_0p025,8,0,0.0,0.08933424850171968,0.0893342485017197,1.0
500,c_x_tangent:c_0p95_1,t_0p025_0p05,4,0,0.0,0.13033072403878862,0.13033072403878881,1.0
500,c_x_tangent:c_0p95_1,t_0p05_0p10,0,0,nan,nan,nan,nan
500,c_x_tangent:c_0p95_1,t_0p10_inf,0,0,nan,nan,nan,nan
600,region,none_or_unknown,0,0,nan,nan,nan,nan
600,region,sphere_upper,876,412,0.4703196347031963,0.6197182254218189,0.665254667717643,1.0
600,region,sphere_lower90,0,0,nan,nan,nan,nan
600,region,sphere_bottom120,0,0,nan,nan,nan,nan
600,region,outer_or_other_wall,0,0,nan,nan,nan,nan
600,theta_zone,sphere11,876,412,0.4703196347031963,0.6197182254218189,0.665254667717643,1.0
600,theta_zone,outer90,0,0,nan,nan,nan,nan
600,theta_zone,fallback,0,0,nan,nan,nan,nan
600,c_bin,c_0_0p05,212,0,0.0,0.07779815158344594,0.09364092694328742,1.0
600,c_bin,c_0p05_0p10,164,0,0.0,0.17713558941717003,0.20372646295370578,1.0
600,c_bin,c_0p10_0p30,196,136,0.6938775510204082,0.39994800504510547,0.42850339499775547,0.8974481657188705
600,c_bin,c_0p30_0p70,160,160,1.0,0.6656433205139833,0.673027750670176,0.4492123232031865
600,c_bin,c_0p70_0p90,104,104,1.0,0.5078353014229487,0.5078353295376359,0.6745618880105724
600,c_bin,c_0p90_0p95,20,12,0.6,0.26366527766637243,0.26366527766637593,0.9972881786438907
600,c_bin,c_0p95_1,20,0,0.0,0.1527384760094813,0.15273847600948193,1.0
600,tangent_bin,t_0_0p005,0,0,nan,nan,nan,nan
600,tangent_bin,t_0p005_0p01,48,0,0.0,0.03555334961231927,0.03555337263116132,1.0
600,tangent_bin,t_0p01_0p025,228,0,0.0,0.10071348174810253,0.11693472932409445,1.0
600,tangent_bin,t_0p025_0p05,164,0,0.0,0.19301266773849649,0.20372646295370578,1.0
600,tangent_bin,t_0p05_0p10,292,268,0.9178082191780822,0.4125244764311713,0.42850339485043487,0.7451651237890582
600,tangent_bin,t_0p10_inf,144,144,1.0,0.6718617652554093,0.6730277506813926,0.44043989145537454
600,normal_agreement_bin,normal_0_0p5,0,0,nan,nan,nan,nan
600,normal_agreement_bin,normal_0p5_0p9,0,0,nan,nan,nan,nan
600,normal_agreement_bin,normal_0p9_0p99,220,116,0.5272727272727272,0.6268956221306082,0.6367001017081002,0.9972881141962393
600,normal_agreement_bin,normal_0p99_1p01,656,296,0.45121951219512196,0.5855200994392455,0.6730277236444272,1.0
600,c_x_tangent:c_0_0p05,t_0_0p005,0,0,nan,nan,nan,nan
600,c_x_tangent:c_0_0p05,t_0p005_0p01,48,0,0.0,0.03555334961231927,0.03555337263116132,1.0
600,c_x_tangent:c_0_0p05,t_0p01_0p025,164,0,0.0,0.07779815305658035,0.09364094440530624,1.0
600,c_x_tangent:c_0_0p05,t_0p025_0p05,0,0,nan,nan,nan,nan
600,c_x_tangent:c_0_0p05,t_0p05_0p10,0,0,nan,nan,nan,nan
600,c_x_tangent:c_0_0p05,t_0p10_inf,0,0,nan,nan,nan,nan
600,c_x_tangent:c_0p05_0p10,t_0_0p005,0,0,nan,nan,nan,nan
600,c_x_tangent:c_0p05_0p10,t_0p005_0p01,0,0,nan,nan,nan,nan
600,c_x_tangent:c_0p05_0p10,t_0p01_0p025,52,0,0.0,0.10219263108330988,0.10219263993079389,1.0
600,c_x_tangent:c_0p05_0p10,t_0p025_0p05,112,0,0.0,0.20372644401803397,0.20372646482437753,1.0
600,c_x_tangent:c_0p05_0p10,t_0p05_0p10,0,0,nan,nan,nan,nan
600,c_x_tangent:c_0p05_0p10,t_0p10_inf,0,0,nan,nan,nan,nan
600,c_x_tangent:c_0p10_0p30,t_0_0p005,0,0,nan,nan,nan,nan
600,c_x_tangent:c_0p10_0p30,t_0p005_0p01,0,0,nan,nan,nan,nan
600,c_x_tangent:c_0p10_0p30,t_0p01_0p025,0,0,nan,nan,nan,nan
600,c_x_tangent:c_0p10_0p30,t_0p025_0p05,36,0,0.0,0.19301266714038054,0.19301266773849585,1.0
600,c_x_tangent:c_0p10_0p30,t_0p05_0p10,160,136,0.85,0.4013757736422206,0.42850339605843746,0.7695672129331785
600,c_x_tangent:c_0p10_0p30,t_0p10_inf,0,0,nan,nan,nan,nan
600,c_x_tangent:c_0p30_0p70,t_0_0p005,0,0,nan,nan,nan,nan
600,c_x_tangent:c_0p30_0p70,t_0p005_0p01,0,0,nan,nan,nan,nan
600,c_x_tangent:c_0p30_0p70,t_0p01_0p025,0,0,nan,nan,nan,nan
600,c_x_tangent:c_0p30_0p70,t_0p025_0p05,0,0,nan,nan,nan,nan
600,c_x_tangent:c_0p30_0p70,t_0p05_0p10,32,32,1.0,0.3804364092029127,0.38043641111095,0.6620524758447477
600,c_x_tangent:c_0p30_0p70,t_0p10_inf,128,128,1.0,0.6730277236444274,0.6730277506926092,0.4269708251029388
600,c_x_tangent:c_0p70_0p90,t_0_0p005,0,0,nan,nan,nan,nan
600,c_x_tangent:c_0p70_0p90,t_0p005_0p01,0,0,nan,nan,nan,nan
600,c_x_tangent:c_0p70_0p90,t_0p01_0p025,0,0,nan,nan,nan,nan
600,c_x_tangent:c_0p70_0p90,t_0p025_0p05,0,0,nan,nan,nan,nan
600,c_x_tangent:c_0p70_0p90,t_0p05_0p10,88,88,1.0,0.4125245111696199,0.41252452331136913,0.6811112850920256
600,c_x_tangent:c_0p70_0p90,t_0p10_inf,16,16,1.0,0.5078353295701151,0.5078353295701169,0.5102317856470603
600,c_x_tangent:c_0p90_0p95,t_0_0p005,0,0,nan,nan,nan,nan
600,c_x_tangent:c_0p90_0p95,t_0p005_0p01,0,0,nan,nan,nan,nan
600,c_x_tangent:c_0p90_0p95,t_0p01_0p025,0,0,nan,nan,nan,nan
600,c_x_tangent:c_0p90_0p95,t_0p025_0p05,8,0,0.0,0.1888839143721562,0.18888391437215704,1.0
600,c_x_tangent:c_0p90_0p95,t_0p05_0p10,12,12,1.0,0.26366527766637426,0.2636652776663763,0.9972881141962393
600,c_x_tangent:c_0p90_0p95,t_0p10_inf,0,0,nan,nan,nan,nan
600,c_x_tangent:c_0p95_1,t_0_0p005,0,0,nan,nan,nan,nan
600,c_x_tangent:c_0p95_1,t_0p005_0p01,0,0,nan,nan,nan,nan
600,c_x_tangent:c_0p95_1,t_0p01_0p025,12,0,0.0,0.11693473672056452,0.11693473672056541,1.0
600,c_x_tangent:c_0p95_1,t_0p025_0p05,8,0,0.0,0.1527384760094818,0.15273847600948204,1.0
600,c_x_tangent:c_0p95_1,t_0p05_0p10,0,0,nan,nan,nan,nan
600,c_x_tangent:c_0p95_1,t_0p10_inf,0,0,nan,nan,nan,nan
700,region,none_or_unknown,0,0,nan,nan,nan,nan
700,region,sphere_upper,892,408,0.45739910313901344,0.6134346516496848,0.6597594151089059,1.0
700,region,sphere_lower90,0,0,nan,nan,nan,nan
700,region,sphere_bottom120,0,0,nan,nan,nan,nan
700,region,outer_or_other_wall,0,0,nan,nan,nan,nan
700,theta_zone,sphere11,892,408,0.45739910313901344,0.6134346516496848,0.6597594151089059,1.0
700,theta_zone,outer90,0,0,nan,nan,nan,nan
700,theta_zone,fallback,0,0,nan,nan,nan,nan
700,c_bin,c_0_0p05,224,0,0.0,0.07757163498843699,0.08287193639375878,1.0
700,c_bin,c_0p05_0p10,152,0,0.0,0.16739033925384816,0.18468187237073033,1.0
700,c_bin,c_0p10_0p30,196,128,0.6530612244897959,0.42118536335145107,0.4417088195135458,0.874252073973798
700,c_bin,c_0p30_0p70,168,168,1.0,0.6597594151089076,0.678735645941078,0.44293768966500147
700,c_bin,c_0p70_0p90,104,104,1.0,0.5455474275632257,0.5455474707351323,0.6994373059132577
700,c_bin,c_0p90_0p95,28,8,0.2857142857142857,0.26664292656144767,0.26664292886873747,1.0
700,c_bin,c_0p95_1,20,0,0.0,0.14040779650447635,0.14040779650447718,1.0
700,tangent_bin,t_0_0p005,0,0,nan,nan,nan,nan
700,tangent_bin,t_0p005_0p01,48,0,0.0,0.034472938477657256,0.03447297041926459,1.0
700,tangent_bin,t_0p01_0p025,220,0,0.0,0.10183782601797245,0.10680521814605407,1.0
700,tangent_bin,t_0p025_0p05,196,0,0.0,0.21296903688717872,0.23400935000141634,1.0
700,tangent_bin,t_0p05_0p10,260,240,0.9230769230769231,0.39704580678074725,0.42118535984011796,0.724567669397334
700,tangent_bin,t_0p10_inf,168,168,1.0,0.6597594151089076,0.678735645941078,0.44293768966500147
700,normal_agreement_bin,normal_0_0p5,0,0,nan,nan,nan,nan
700,normal_agreement_bin,normal_0p5_0p9,0,0,nan,nan,nan,nan
700,normal_agreement_bin,normal_0p9_0p99,220,108,0.4909090909090909,0.6371238101182723,0.6397237960512104,1.0
700,normal_agreement_bin,normal_0p99_1p01,672,300,0.44642857142857145,0.5958038834776916,0.6787356078734301,1.0
700,c_x_tangent:c_0_0p05,t_0_0p005,0,0,nan,nan,nan,nan
700,c_x_tangent:c_0_0p05,t_0p005_0p01,48,0,0.0,0.034472938477657256,0.03447297041926459,1.0
700,c_x_tangent:c_0_0p05,t_0p01_0p025,176,0,0.0,0.07757163586162841,0.08287193665245926,1.0
700,c_x_tangent:c_0_0p05,t_0p025_0p05,0,0,nan,nan,nan,nan
700,c_x_tangent:c_0_0p05,t_0p05_0p10,0,0,nan,nan,nan,nan
700,c_x_tangent:c_0_0p05,t_0p10_inf,0,0,nan,nan,nan,nan
700,c_x_tangent:c_0p05_0p10,t_0_0p005,0,0,nan,nan,nan,nan
700,c_x_tangent:c_0p05_0p10,t_0p005_0p01,0,0,nan,nan,nan,nan
700,c_x_tangent:c_0p05_0p10,t_0p01_0p025,32,0,0.0,0.10183788985942532,0.10183790075802344,1.0
700,c_x_tangent:c_0p05_0p10,t_0p025_0p05,120,0,0.0,0.18468182426489207,0.18468187575369271,1.0
700,c_x_tangent:c_0p05_0p10,t_0p05_0p10,0,0,nan,nan,nan,nan
700,c_x_tangent:c_0p05_0p10,t_0p10_inf,0,0,nan,nan,nan,nan
700,c_x_tangent:c_0p10_0p30,t_0_0p005,0,0,nan,nan,nan,nan
700,c_x_tangent:c_0p10_0p30,t_0p005_0p01,0,0,nan,nan,nan,nan
700,c_x_tangent:c_0p10_0p30,t_0p01_0p025,0,0,nan,nan,nan,nan
700,c_x_tangent:c_0p10_0p30,t_0p025_0p05,52,0,0.0,0.21296903043389126,0.21296905624704043,1.0
700,c_x_tangent:c_0p10_0p30,t_0p05_0p10,136,120,0.8823529411764706,0.4211853479863221,0.42118536896958153,0.8194224111731587
700,c_x_tangent:c_0p10_0p30,t_0p10_inf,8,8,1.0,0.44170882363629443,0.44170882363629543,0.5659837399208874
700,c_x_tangent:c_0p30_0p70,t_0_0p005,0,0,nan,nan,nan,nan
700,c_x_tangent:c_0p30_0p70,t_0p005_0p01,0,0,nan,nan,nan,nan
700,c_x_tangent:c_0p30_0p70,t_0p01_0p025,0,0,nan,nan,nan,nan
700,c_x_tangent:c_0p30_0p70,t_0p025_0p05,0,0,nan,nan,nan,nan
700,c_x_tangent:c_0p30_0p70,t_0p05_0p10,32,32,1.0,0.39040237057799065,0.3904023858981644,0.6684399562309236
700,c_x_tangent:c_0p30_0p70,t_0p10_inf,136,136,1.0,0.6787356078734301,0.6787356459943895,0.4244851415416
700,c_x_tangent:c_0p70_0p90,t_0_0p005,0,0,nan,nan,nan,nan
700,c_x_tangent:c_0p70_0p90,t_0p005_0p01,0,0,nan,nan,nan,nan
700,c_x_tangent:c_0p70_0p90,t_0p01_0p025,0,0,nan,nan,nan,nan
700,c_x_tangent:c_0p70_0p90,t_0p025_0p05,0,0,nan,nan,nan,nan
700,c_x_tangent:c_0p70_0p90,t_0p05_0p10,80,80,1.0,0.39704580690000096,0.3970458283796329,0.7019556636507214
700,c_x_tangent:c_0p70_0p90,t_0p10_inf,24,24,1.0,0.5455474697206019,0.5455474709887681,0.5065190443471979
700,c_x_tangent:c_0p90_0p95,t_0_0p005,0,0,nan,nan,nan,nan
700,c_x_tangent:c_0p90_0p95,t_0p005_0p01,0,0,nan,nan,nan,nan
700,c_x_tangent:c_0p90_0p95,t_0p01_0p025,0,0,nan,nan,nan,nan
700,c_x_tangent:c_0p90_0p95,t_0p025_0p05,16,0,0.0,0.2340093608861253,0.23400936088612617,1.0
700,c_x_tangent:c_0p90_0p95,t_0p05_0p10,12,8,0.6666666666666666,0.26664292886873664,0.2666429288687379,0.9375836009500624
700,c_x_tangent:c_0p90_0p95,t_0p10_inf,0,0,nan,nan,nan,nan
700,c_x_tangent:c_0p95_1,t_0_0p005,0,0,nan,nan,nan,nan
700,c_x_tangent:c_0p95_1,t_0p005_0p01,0,0,nan,nan,nan,nan
700,c_x_tangent:c_0p95_1,t_0p01_0p025,12,0,0.0,0.10680523314241211,0.10680523314241304,1.0
700,c_x_tangent:c_0p95_1,t_0p025_0p05,8,0,0.0,0.140407796504477,0.1404077965044773,1.0
700,c_x_tangent:c_0p95_1,t_0p05_0p10,0,0,nan,nan,nan,nan
700,c_x_tangent:c_0p95_1,t_0p10_inf,0,0,nan,nan,nan,nan
800,region,none_or_unknown,0,0,nan,nan,nan,nan
800,region,sphere_upper,900,408,0.4533333333333333,0.6071775831073923,0.6521984916633079,1.0
800,region,sphere_lower90,0,0,nan,nan,nan,nan
800,region,sphere_bottom120,0,0,nan,nan,nan,nan
800,region,outer_or_other_wall,0,0,nan,nan,nan,nan
800,theta_zone,sphere11,900,408,0.4533333333333333,0.6071775831073923,0.6521984916633079,1.0
800,theta_zone,outer90,0,0,nan,nan,nan,nan
800,theta_zone,fallback,0,0,nan,nan,nan,nan
800,c_bin,c_0_0p05,232,0,0.0,0.08267101835968711,0.08806168951973709,1.0
800,c_bin,c_0p05_0p10,144,0,0.0,0.15661191354378282,0.15714878410659353,1.0
800,c_bin,c_0p10_0p30,196,120,0.6122448979591837,0.4114450645993867,0.43959162799708557,0.8797918785840737
800,c_bin,c_0p30_0p70,168,168,1.0,0.6521984916633097,0.6805084314809193,0.4343502352058611
800,c_bin,c_0p70_0p90,112,112,1.0,0.5341608302532393,0.5341609214811049,0.7254805136295541
800,c_bin,c_0p90_0p95,28,8,0.2857142857142857,0.25135059053277725,0.2513505946463364,1.0
800,c_bin,c_0p95_1,20,0,0.0,0.13046358525517301,0.13046358525517338,1.0
800,tangent_bin,t_0_0p005,0,0,nan,nan,nan,nan
800,tangent_bin,t_0p005_0p01,44,0,0.0,0.039102364327856305,0.03910238205756832,1.0
800,tangent_bin,t_0p01_0p025,224,0,0.0,0.09750841632197094,0.10207605209636153,1.0
800,tangent_bin,t_0p025_0p05,184,0,0.0,0.22002164393787818,0.23020912392855059,1.0
800,tangent_bin,t_0p05_0p10,272,232,0.8529411764705882,0.4077308249827991,0.4114450571018529,0.7590463273670205
800,tangent_bin,t_0p10_inf,176,176,1.0,0.6521984916633086,0.6805084314224854,0.4511869986406417
800,normal_agreement_bin,normal_0_0p5,0,0,nan,nan,nan,nan
800,normal_agreement_bin,normal_0p5_0p9,0,0,nan,nan,nan,nan
800,normal_agreement_bin,normal_0p9_0p99,220,108,0.4909090909090909,0.6393870405897017,0.643015224505018,1.0
800,normal_agreement_bin,normal_0p99_1p01,680,300,0.4411764705882353,0.6015707092013501,0.6805083786609556,1.0
800,c_x_tangent:c_0_0p05,t_0_0p005,0,0,nan,nan,nan,nan
800,c_x_tangent:c_0_0p05,t_0p005_0p01,44,0,0.0,0.039102364327856305,0.03910238205756832,1.0
800,c_x_tangent:c_0_0p05,t_0p01_0p025,188,0,0.0,0.08267102518320862,0.08806169014958218,1.0
800,c_x_tangent:c_0_0p05,t_0p025_0p05,0,0,nan,nan,nan,nan
800,c_x_tangent:c_0_0p05,t_0p05_0p10,0,0,nan,nan,nan,nan
800,c_x_tangent:c_0_0p05,t_0p10_inf,0,0,nan,nan,nan,nan
800,c_x_tangent:c_0p05_0p10,t_0_0p005,0,0,nan,nan,nan,nan
800,c_x_tangent:c_0p05_0p10,t_0p005_0p01,0,0,nan,nan,nan,nan
800,c_x_tangent:c_0p05_0p10,t_0p01_0p025,24,0,0.0,0.10207607925607173,0.10207608404896341,1.0
800,c_x_tangent:c_0p05_0p10,t_0p025_0p05,120,0,0.0,0.15714868532332255,0.15714880505417966,1.0
800,c_x_tangent:c_0p05_0p10,t_0p05_0p10,0,0,nan,nan,nan,nan
800,c_x_tangent:c_0p05_0p10,t_0p10_inf,0,0,nan,nan,nan,nan
800,c_x_tangent:c_0p10_0p30,t_0_0p005,0,0,nan,nan,nan,nan
800,c_x_tangent:c_0p10_0p30,t_0p005_0p01,0,0,nan,nan,nan,nan
800,c_x_tangent:c_0p10_0p30,t_0p01_0p025,0,0,nan,nan,nan,nan
800,c_x_tangent:c_0p10_0p30,t_0p025_0p05,36,0,0.0,0.1918879038858622,0.19188792055099052,1.0
800,c_x_tangent:c_0p10_0p30,t_0p05_0p10,152,112,0.7368421052631579,0.40940223896052147,0.4114450717970175,0.8223757192142103
800,c_x_tangent:c_0p10_0p30,t_0p10_inf,8,8,1.0,0.43959165935682565,0.439591659356826,0.568709653192562
800,c_x_tangent:c_0p30_0p70,t_0_0p005,0,0,nan,nan,nan,nan
800,c_x_tangent:c_0p30_0p70,t_0p005_0p01,0,0,nan,nan,nan,nan
800,c_x_tangent:c_0p30_0p70,t_0p01_0p025,0,0,nan,nan,nan,nan
800,c_x_tangent:c_0p30_0p70,t_0p025_0p05,0,0,nan,nan,nan,nan
800,c_x_tangent:c_0p30_0p70,t_0p05_0p10,24,24,1.0,0.39735729001767367,0.3973572996577025,0.6426887756749257
800,c_x_tangent:c_0p30_0p70,t_0p10_inf,144,144,1.0,0.6762618956113085,0.680508431656221,0.4217698287409267
800,c_x_tangent:c_0p70_0p90,t_0_0p005,0,0,nan,nan,nan,nan
800,c_x_tangent:c_0p70_0p90,t_0p005_0p01,0,0,nan,nan,nan,nan
800,c_x_tangent:c_0p70_0p90,t_0p01_0p025,0,0,nan,nan,nan,nan
800,c_x_tangent:c_0p70_0p90,t_0p025_0p05,0,0,nan,nan,nan,nan
800,c_x_tangent:c_0p70_0p90,t_0p05_0p10,88,88,1.0,0.38213049746653893,0.38213053240576833,0.7302642656495726
800,c_x_tangent:c_0p70_0p90,t_0p10_inf,24,24,1.0,0.5341609208720918,0.5341609231558934,0.5211671723385527
800,c_x_tangent:c_0p90_0p95,t_0_0p005,0,0,nan,nan,nan,nan
800,c_x_tangent:c_0p90_0p95,t_0p005_0p01,0,0,nan,nan,nan,nan
800,c_x_tangent:c_0p90_0p95,t_0p01_0p025,0,0,nan,nan,nan,nan
800,c_x_tangent:c_0p90_0p95,t_0p025_0p05,20,0,0.0,0.23020917247411654,0.23020917247411876,1.0
800,c_x_tangent:c_0p90_0p95,t_0p05_0p10,8,8,1.0,0.25135059464633613,0.25135059464633713,0.9946267642818435
800,c_x_tangent:c_0p90_0p95,t_0p10_inf,0,0,nan,nan,nan,nan
800,c_x_tangent:c_0p95_1,t_0_0p005,0,0,nan,nan,nan,nan
800,c_x_tangent:c_0p95_1,t_0p005_0p01,0,0,nan,nan,nan,nan
800,c_x_tangent:c_0p95_1,t_0p01_0p025,12,0,0.0,0.09877124175503825,0.09877124175503921,1.0
800,c_x_tangent:c_0p95_1,t_0p025_0p05,8,0,0.0,0.1304635852551733,0.13046358525517343,1.0
800,c_x_tangent:c_0p95_1,t_0p05_0p10,0,0,nan,nan,nan,nan
800,c_x_tangent:c_0p95_1,t_0p10_inf,0,0,nan,nan,nan,nan
900,region,none_or_unknown,0,0,nan,nan,nan,nan
900,region,sphere_upper,908,396,0.43612334801762115,0.6091436242926025,0.6460376616819115,1.0
900,region,sphere_lower90,0,0,nan,nan,nan,nan
900,region,sphere_bottom120,0,0,nan,nan,nan,nan
900,region,outer_or_other_wall,0,0,nan,nan,nan,nan
900,theta_zone,sphere11,908,396,0.43612334801762115,0.6091436242926025,0.6460376616819115,1.0
900,theta_zone,outer90,0,0,nan,nan,nan,nan
900,theta_zone,fallback,0,0,nan,nan,nan,nan
900,c_bin,c_0_0p05,232,0,0.0,0.07452693502995482,0.07963768376648146,1.0
900,c_bin,c_0p05_0p10,160,0,0.0,0.15766828326882784,0.16111329535082491,1.0
900,c_bin,c_0p10_0p30,188,112,0.5957446808510638,0.42733682538079654,0.45572915283720444,0.8836366243790363
900,c_bin,c_0p30_0p70,176,176,1.0,0.6460376617040604,0.6797815487203643,0.4486375295684011
900,c_bin,c_0p70_0p90,112,108,0.9642857142857143,0.5227183983826685,0.5227185350473406,0.749383118389541
900,c_bin,c_0p90_0p95,20,0,0.0,0.2381764007638185,0.23817640076382196,1.0
900,c_bin,c_0p95_1,20,0,0.0,0.15240142585081914,0.15240142585082198,1.0
900,tangent_bin,t_0_0p005,0,0,nan,nan,nan,nan
900,tangent_bin,t_0p005_0p01,52,0,0.0,0.03919244524427758,0.039192465092765215,1.0
900,tangent_bin,t_0p01_0p025,208,0,0.0,0.09217118268465413,0.09322260127317362,1.0
900,tangent_bin,t_0p025_0p05,196,0,0.0,0.2080332144078419,0.2173238170774436,1.0
900,tangent_bin,t_0p05_0p10,264,208,0.7878787878787878,0.42727361373954015,0.42733678806243036,0.768531499625422
900,tangent_bin,t_0p10_inf,188,188,1.0,0.6460376615933163,0.6797815485784192,0.4689871707878117
900,normal_agreement_bin,normal_0_0p5,0,0,nan,nan,nan,nan
900,normal_agreement_bin,normal_0p5_0p9,0,0,nan,nan,nan,nan
900,normal_agreement_bin,normal_0p9_0p99,228,100,0.43859649122807015,0.6369632505151483,0.6460376613876492,1.0
900,normal_agreement_bin,normal_0p99_1p01,680,296,0.43529411764705883,0.6048454212035361,0.6797814728619179,1.0
900,c_x_tangent:c_0_0p05,t_0_0p005,0,0,nan,nan,nan,nan
900,c_x_tangent:c_0_0p05,t_0p005_0p01,52,0,0.0,0.03919244524427758,0.039192465092765215,1.0
900,c_x_tangent:c_0_0p05,t_0p01_0p025,180,0,0.0,0.07452697153663936,0.07963768826165715,1.0
900,c_x_tangent:c_0_0p05,t_0p025_0p05,0,0,nan,nan,nan,nan
900,c_x_tangent:c_0_0p05,t_0p05_0p10,0,0,nan,nan,nan,nan
900,c_x_tangent:c_0_0p05,t_0p10_inf,0,0,nan,nan,nan,nan
900,c_x_tangent:c_0p05_0p10,t_0_0p005,0,0,nan,nan,nan,nan
900,c_x_tangent:c_0p05_0p10,t_0p005_0p01,0,0,nan,nan,nan,nan
900,c_x_tangent:c_0p05_0p10,t_0p01_0p025,24,0,0.0,0.0932226073127706,0.09322260837858297,1.0
900,c_x_tangent:c_0p05_0p10,t_0p025_0p05,136,0,0.0,0.16111316817815005,0.16111332531827838,1.0
900,c_x_tangent:c_0p05_0p10,t_0p05_0p10,0,0,nan,nan,nan,nan
900,c_x_tangent:c_0p05_0p10,t_0p10_inf,0,0,nan,nan,nan,nan
900,c_x_tangent:c_0p10_0p30,t_0_0p005,0,0,nan,nan,nan,nan
900,c_x_tangent:c_0p10_0p30,t_0p005_0p01,0,0,nan,nan,nan,nan
900,c_x_tangent:c_0p10_0p30,t_0p01_0p025,0,0,nan,nan,nan,nan
900,c_x_tangent:c_0p10_0p30,t_0p025_0p05,32,0,0.0,0.19870678660575206,0.19870680448800784,1.0
900,c_x_tangent:c_0p10_0p30,t_0p05_0p10,136,92,0.6764705882352942,0.4273367356352795,0.42733682538079654,0.8671251214403101
900,c_x_tangent:c_0p10_0p30,t_0p10_inf,20,20,1.0,0.4557292064011052,0.45572920640110565,0.5916971550436585
900,c_x_tangent:c_0p30_0p70,t_0_0p005,0,0,nan,nan,nan,nan
900,c_x_tangent:c_0p30_0p70,t_0p005_0p01,0,0,nan,nan,nan,nan
900,c_x_tangent:c_0p30_0p70,t_0p01_0p025,0,0,nan,nan,nan,nan
900,c_x_tangent:c_0p30_0p70,t_0p025_0p05,0,0,nan,nan,nan,nan
900,c_x_tangent:c_0p30_0p70,t_0p05_0p10,24,24,1.0,0.40299795674600786,0.40299797181194097,0.6350047019974183
900,c_x_tangent:c_0p30_0p70,t_0p10_inf,152,152,1.0,0.6612223767250961,0.6797815490042545,0.42108278118219555
900,c_x_tangent:c_0p70_0p90,t_0_0p005,0,0,nan,nan,nan,nan
900,c_x_tangent:c_0p70_0p90,t_0p005_0p01,0,0,nan,nan,nan,nan
900,c_x_tangent:c_0p70_0p90,t_0p01_0p025,0,0,nan,nan,nan,nan
900,c_x_tangent:c_0p70_0p90,t_0p025_0p05,0,0,nan,nan,nan,nan
900,c_x_tangent:c_0p70_0p90,t_0p05_0p10,96,92,0.9583333333333334,0.427273635198423,0.42727370767974454,0.7496003157374661
900,c_x_tangent:c_0p70_0p90,t_0p10_inf,16,16,1.0,0.5227185376035325,0.5227185376035343,0.5071104277822621
900,c_x_tangent:c_0p90_0p95,t_0_0p005,0,0,nan,nan,nan,nan
900,c_x_tangent:c_0p90_0p95,t_0p005_0p01,0,0,nan,nan,nan,nan
900,c_x_tangent:c_0p90_0p95,t_0p01_0p025,0,0,nan,nan,nan,nan
900,c_x_tangent:c_0p90_0p95,t_0p025_0p05,12,0,0.0,0.21732390175863123,0.2173239017586328,1.0
900,c_x_tangent:c_0p90_0p95,t_0p05_0p10,8,0,0.0,0.23817640076382124,0.23817640076382252,1.0
900,c_x_tangent:c_0p90_0p95,t_0p10_inf,0,0,nan,nan,nan,nan
900,c_x_tangent:c_0p95_1,t_0_0p005,0,0,nan,nan,nan,nan
900,c_x_tangent:c_0p95_1,t_0p005_0p01,0,0,nan,nan,nan,nan
900,c_x_tangent:c_0p95_1,t_0p01_0p025,4,0,0.0,0.09217122549874936,0.09217122549874962,1.0
900,c_x_tangent:c_0p95_1,t_0p025_0p05,16,0,0.0,0.1524014258508199,0.15240142585082211,1.0
900,c_x_tangent:c_0p95_1,t_0p05_0p10,0,0,nan,nan,nan,nan
900,c_x_tangent:c_0p95_1,t_0p10_inf,0,0,nan,nan,nan,nan
1000,region,none_or_unknown,0,0,nan,nan,nan,nan
1000,region,sphere_upper,924,404,0.43722943722943725,0.6070379072658012,0.6470816609500727,1.0
1000,region,sphere_lower90,0,0,nan,nan,nan,nan
1000,region,sphere_bottom120,0,0,nan,nan,nan,nan
1000,region,outer_or_other_wall,0,0,nan,nan,nan,nan
1000,theta_zone,sphere11,924,404,0.43722943722943725,0.6070379072658012,0.6470816609500727,1.0
1000,theta_zone,outer90,0,0,nan,nan,nan,nan
1000,theta_zone,fallback,0,0,nan,nan,nan,nan
1000,c_bin,c_0_0p05,232,0,0.0,0.07692491483155099,0.08231443664037381,1.0
1000,c_bin,c_0p05_0p10,160,0,0.0,0.15810559808940672,0.16505813203670494,1.0
1000,c_bin,c_0p10_0p30,204,120,0.5882352941176471,0.44148971388577757,0.4700342593630856,0.8929460250985499
1000,c_bin,c_0p30_0p70,172,172,1.0,0.6470816611518766,0.6773997829227955,0.4620664884647593
1000,c_bin,c_0p70_0p90,116,112,0.9655172413793104,0.511473681510009,0.6172508647872125,0.772838530118914
1000,c_bin,c_0p90_0p95,20,0,0.0,0.22663876552089665,0.22663876552089976,1.0
1000,c_bin,c_0p95_1,20,0,0.0,0.14389246565992167,0.14389246565992378,1.0
1000,tangent_bin,t_0_0p005,0,0,nan,nan,nan,nan
1000,tangent_bin,t_0p005_0p01,60,0,0.0,0.03944536706738846,0.03944538876319574,1.0
1000,tangent_bin,t_0p01_0p025,216,0,0.0,0.09259693239571569,0.11514214056064992,1.0
1000,tangent_bin,t_0p025_0p05,204,0,0.0,0.20615913147631354,0.22663873926186306,1.0
1000,tangent_bin,t_0p05_0p10,256,216,0.84375,0.41322480562491615,0.4539189801626192,0.7739878669797795
1000,tangent_bin,t_0p10_inf,188,188,1.0,0.647081660844784,0.6773997825999586,0.46206657386883876
1000,normal_agreement_bin,normal_0_0p5,0,0,nan,nan,nan,nan
1000,normal_agreement_bin,normal_0p5_0p9,0,0,nan,nan,nan,nan
1000,normal_agreement_bin,normal_0p9_0p99,228,100,0.43859649122807015,0.6331931781764167,0.6470816602744702,1.0
1000,normal_agreement_bin,normal_0p99_1p01,696,304,0.4367816091954023,0.6063664298319835,0.6773996728199654,1.0
1000,c_x_tangent:c_0_0p05,t_0_0p005,0,0,nan,nan,nan,nan
1000,c_x_tangent:c_0_0p05,t_0p005_0p01,60,0,0.0,0.03944536706738846,0.03944538876319574,1.0
1000,c_x_tangent:c_0_0p05,t_0p01_0p025,172,0,0.0,0.07692496535318895,0.082314444111315,1.0
1000,c_x_tangent:c_0_0p05,t_0p025_0p05,0,0,nan,nan,nan,nan
1000,c_x_tangent:c_0_0p05,t_0p05_0p10,0,0,nan,nan,nan,nan
1000,c_x_tangent:c_0_0p05,t_0p10_inf,0,0,nan,nan,nan,nan
1000,c_x_tangent:c_0p05_0p10,t_0_0p005,0,0,nan,nan,nan,nan
1000,c_x_tangent:c_0p05_0p10,t_0p005_0p01,0,0,nan,nan,nan,nan
1000,c_x_tangent:c_0p05_0p10,t_0p01_0p025,32,0,0.0,0.09259693306860457,0.09259693389102454,1.0
1000,c_x_tangent:c_0p05_0p10,t_0p025_0p05,128,0,0.0,0.16505795491839337,0.16505818512439424,1.0
1000,c_x_tangent:c_0p05_0p10,t_0p05_0p10,0,0,nan,nan,nan,nan
1000,c_x_tangent:c_0p05_0p10,t_0p10_inf,0,0,nan,nan,nan,nan
1000,c_x_tangent:c_0p10_0p30,t_0_0p005,0,0,nan,nan,nan,nan
1000,c_x_tangent:c_0p10_0p30,t_0p005_0p01,0,0,nan,nan,nan,nan
1000,c_x_tangent:c_0p10_0p30,t_0p01_0p025,0,0,nan,nan,nan,nan
1000,c_x_tangent:c_0p10_0p30,t_0p025_0p05,48,0,0.0,0.20515350191612586,0.20515354742690847,1.0
1000,c_x_tangent:c_0p10_0p30,t_0p05_0p10,128,92,0.71875,0.3972704155875994,0.3972705825251356,0.8515046661350203
1000,c_x_tangent:c_0p10_0p30,t_0p10_inf,28,28,1.0,0.4700343254317043,0.4700343610071145,0.5662646759553953
1000,c_x_tangent:c_0p30_0p70,t_0_0p005,0,0,nan,nan,nan,nan
1000,c_x_tangent:c_0p30_0p70,t_0p005_0p01,0,0,nan,nan,nan,nan
1000,c_x_tangent:c_0p30_0p70,t_0p01_0p025,0,0,nan,nan,nan,nan
1000,c_x_tangent:c_0p30_0p70,t_0p025_0p05,0,0,nan,nan,nan,nan
1000,c_x_tangent:c_0p30_0p70,t_0p05_0p10,24,24,1.0,0.40762841925795246,0.4076284398037528,0.6289974324140652
1000,c_x_tangent:c_0p30_0p70,t_0p10_inf,148,148,1.0,0.6667883687361347,0.6773997834070505,0.42239555469503576
1000,c_x_tangent:c_0p70_0p90,t_0_0p005,0,0,nan,nan,nan,nan
1000,c_x_tangent:c_0p70_0p90,t_0p005_0p01,0,0,nan,nan,nan,nan
1000,c_x_tangent:c_0p70_0p90,t_0p01_0p025,0,0,nan,nan,nan,nan
1000,c_x_tangent:c_0p70_0p90,t_0p025_0p05,0,0,nan,nan,nan,nan
1000,c_x_tangent:c_0p70_0p90,t_0p05_0p10,104,100,0.9615384615384616,0.4539188236899514,0.4539189906223021,0.7751371968193157
1000,c_x_tangent:c_0p70_0p90,t_0p10_inf,12,12,1.0,0.6172508923681619,0.6172508923681634,0.4887836945921319
1000,c_x_tangent:c_0p90_0p95,t_0_0p005,0,0,nan,nan,nan,nan
1000,c_x_tangent:c_0p90_0p95,t_0p005_0p01,0,0,nan,nan,nan,nan
1000,c_x_tangent:c_0p90_0p95,t_0p01_0p025,0,0,nan,nan,nan,nan
1000,c_x_tangent:c_0p90_0p95,t_0p025_0p05,20,0,0.0,0.22663876552089665,0.22663876552089976,1.0
1000,c_x_tangent:c_0p90_0p95,t_0p05_0p10,0,0,nan,nan,nan,nan
1000,c_x_tangent:c_0p90_0p95,t_0p10_inf,0,0,nan,nan,nan,nan
1000,c_x_tangent:c_0p95_1,t_0_0p005,0,0,nan,nan,nan,nan
1000,c_x_tangent:c_0p95_1,t_0p005_0p01,0,0,nan,nan,nan,nan
1000,c_x_tangent:c_0p95_1,t_0p01_0p025,12,0,0.0,0.11514216432160375,0.11514216432160425,1.0
1000,c_x_tangent:c_0p95_1,t_0p025_0p05,8,0,0.0,0.14389246565992334,0.1438924656599241,1.0
1000,c_x_tangent:c_0p95_1,t_0p05_0p10,0,0,nan,nan,nan,nan
1000,c_x_tangent:c_0p95_1,t_0p10_inf,0,0,nan,nan,nan,nan
