Fig.18 (a),0.78,,0.94,,1.09,,,
,,,,,,,,
,t,d,t,d,t,d,,
,0,0,0,0,0,0,,
,0.0043946,0.00021875,0.0043946,0.00021875,0.0043946,0.000203125,,
,0.0087892,0.00034375,0.0087892,0.00034375,0.0087892,0.000328125,,
,0.0131838,0.000453125,0.0131838,0.0004375,0.0131838,0.000421875,,
,0.0175784,0.000546875,0.0175784,0.000546875,0.0175784,0.000515625,,
,0.021973,0.000640625,0.021973,0.000640625,0.021973,0.00059375,,
,0.0263676,0.000734375,0.0263676,0.00071875,0.0263676,0.000671875,,
,0.0307622,0.0008125,0.0307622,0.000796875,0.0307622,0.00075,,
,0.0351568,0.000890625,0.0351568,0.000859375,0.0351568,0.000796875,,
,0.0395514,0.000953125,0.0395514,0.000921875,0.0395514,0.000859375,,
,0.043946,0.001015625,0.043946,0.000984375,0.043946,0.00090625,,
,0.0483406,0.001078125,0.0483406,0.001046875,0.0483406,0.00096875,,
,0.0527352,0.001140625,0.0527352,0.00109375,0.0527352,0.001,,
,0.0571298,0.0011875,0.0571298,0.001140625,0.0571298,0.001046875,,
,0.0615244,0.001234375,0.0615244,0.0011875,0.0615244,0.00109375,,
,0.065919,0.00128125,0.065919,0.001234375,0.065919,0.001140625,,
,0.0703136,0.001328125,0.0703136,0.001265625,0.0703136,0.001171875,,
,0.0747082,0.001375,0.0747082,0.0013125,0.0747082,0.001203125,,
,0.0791028,0.001421875,0.0791028,0.00134375,0.0791028,0.00125,,
,0.0834974,0.001453125,0.0834974,0.001390625,0.0834974,0.001265625,,
,0.087892,0.0015,0.087892,0.001421875,0.087892,0.0013125,,
,0.0922866,0.001546875,0.0922866,0.001453125,0.0922866,0.00134375,,
,0.0966812,0.001578125,0.0966812,0.001484375,0.0966812,0.001359375,,
,0.1010758,0.001609375,0.1010758,0.001515625,0.1010758,0.001390625,,
,0.1054704,0.00165625,0.1054704,0.001546875,0.1054704,0.001421875,,
,0.109865,0.001671875,0.109865,0.001578125,0.109865,0.001453125,,
,0.1142596,0.00171875,0.1142596,0.001609375,0.1142596,0.001484375,,
,0.1186542,0.00175,0.1186542,0.001640625,0.1186542,0.0015,,
,0.1230488,0.00178125,0.1230488,0.00165625,0.1230488,0.00153125,,
,0.1274434,0.0018125,0.1274434,0.0016875,0.1274434,0.001546875,,
,0.131838,0.00184375,0.131838,0.001703125,0.131838,0.001578125,,
,0.1362326,0.001859375,0.1362326,0.001734375,0.1362326,0.00159375,,
,0.1406272,0.001890625,0.1406272,0.001765625,0.1406272,0.001625,,
,0.1450218,0.001921875,0.1450218,0.00178125,0.1450218,0.001640625,,
,0.1494164,0.0019375,0.1494164,0.001796875,0.1494164,0.001671875,,
,0.153811,0.00196875,0.153811,0.001828125,0.153811,0.0016875,,
,0.1582056,0.001984375,0.1582056,0.00184375,0.1582056,0.001703125,,
,0.1626002,0.002015625,0.1626002,0.001875,0.1626002,0.001734375,,
,0.1669948,0.00203125,0.1669948,0.001890625,0.1669948,0.001734375,,
,0.1713894,0.0020625,0.1713894,0.00190625,0.1713894,0.001765625,,
,0.175784,0.002078125,0.175784,0.0019375,0.175784,0.00178125,,
,0.1801786,0.002109375,0.1801786,0.001953125,0.1801786,0.001796875,,
,0.1845732,0.002125,0.1845732,0.00196875,0.1845732,0.001828125,,
,0.1889678,0.00215625,0.1889678,0.002,0.1889678,0.00184375,,
,0.1933624,0.002171875,0.1933624,0.002015625,0.1933624,0.001859375,,
,0.197757,0.0021875,0.197757,0.00203125,0.197757,0.001875,,
,0.2021516,0.002203125,0.2021516,0.002046875,0.2021516,0.001890625,,
,0.2065462,0.002234375,0.2065462,0.002078125,0.2065462,0.00190625,,
,0.2109408,0.00225,0.2109408,0.00209375,0.2109408,0.001921875,,
,0.2153354,0.002265625,0.2153354,0.002109375,0.2153354,0.0019375,,
,0.21973,0.00228125,0.21973,0.002125,0.21973,0.001953125,,
,0.2241246,0.0023125,0.2241246,0.002140625,0.2241246,0.00196875,,
,0.2285192,0.002328125,0.2285192,0.00215625,0.2285192,0.001984375,,
,0.2329138,0.00234375,0.2329138,0.002171875,0.2329138,0.002,,
,0.2373084,0.002359375,0.2373084,0.0021875,0.2373084,0.002015625,,
,0.241703,0.002375,0.241703,0.002203125,0.241703,0.00203125,,
,0.2460976,0.002390625,0.2460976,0.00221875,0.2460976,0.002046875,,
,0.2504922,0.00240625,0.2504922,0.002234375,0.2504922,0.0020625,,
,0.2548868,0.002421875,0.2548868,0.00225,0.2548868,0.002078125,,
,0.2592814,0.002453125,0.2592814,0.002265625,0.2592814,0.002078125,,
,0.263676,0.00246875,0.263676,0.00228125,0.263676,0.002109375,,
,0.2680706,0.002484375,0.2680706,0.002296875,0.2680706,0.002125,,
,0.2724652,0.0025,0.2724652,0.0023125,0.2724652,0.002125,,
,0.2768598,0.002515625,0.2768598,0.002328125,0.2768598,0.002140625,,
,0.2812544,0.00253125,0.2812544,0.00234375,0.2812544,0.00215625,,
,0.285649,0.002546875,0.285649,0.002359375,0.285649,0.002171875,,
,0.2900436,0.0025625,0.2900436,0.002375,0.2900436,0.002171875,,
,0.2944382,0.002578125,0.2944382,0.002390625,0.2944382,0.002203125,,
,0.2988328,0.00259375,0.2988328,0.002390625,0.2988328,0.00221875,,
,0.3032274,0.002609375,0.3032274,0.002421875,0.3032274,0.00221875,,
,0.307622,0.002625,0.307622,0.002421875,0.307622,0.002234375,,
,0.3120166,0.002640625,0.3120166,0.0024375,0.3120166,0.002234375,,
,0.3164112,0.002640625,0.3164112,0.002453125,0.3164112,0.00225,,
,0.3208058,0.002671875,0.3208058,0.002453125,0.3208058,0.002265625,,
,0.3252004,0.002671875,0.3252004,0.00246875,0.3252004,0.002265625,,
,0.329595,0.0026875,0.329595,0.002484375,0.329595,0.00228125,,
,0.3339896,0.002703125,0.3339896,0.0025,0.3339896,0.0023125,,
,0.3383842,0.00271875,0.3383842,0.002515625,0.3383842,0.0023125,,
,0.3427788,0.002734375,0.3427788,0.00253125,0.3427788,0.002328125,,
,0.3471734,0.00275,0.3471734,0.002546875,0.3471734,0.002328125,,
,0.351568,0.002765625,0.351568,0.002546875,0.351568,0.00234375,,
,0.3559626,0.00278125,0.3559626,0.0025625,0.3559626,0.002359375,,
,0.3603572,0.00278125,0.3603572,0.002578125,0.3603572,0.002359375,,
,0.3647518,0.002796875,0.3647518,0.002578125,0.3647518,0.002375,,
,0.3691464,0.0028125,0.3691464,0.00259375,0.3691464,0.002390625,,
,0.373541,0.002828125,0.373541,0.002609375,0.373541,0.00240625,,
,0.3779356,0.002828125,0.3779356,0.002625,0.3779356,0.00240625,,
,0.3823302,0.00284375,0.3823302,0.002640625,0.3823302,0.002421875,,
,0.3867248,0.002859375,0.3867248,0.002640625,0.3867248,0.002421875,,
,0.3911194,0.002875,0.3911194,0.00265625,0.3911194,0.0024375,,
,0.395514,0.002890625,0.395514,0.002671875,0.395514,0.002453125,,
,0.3999086,0.00290625,0.3999086,0.002671875,0.3999086,0.002453125,,
,0.4043032,0.00290625,0.4043032,0.0026875,0.4043032,0.00246875,,
,0.4086978,0.002921875,0.4086978,0.0026875,0.4086978,0.002484375,,
,0.4130924,0.0029375,0.4130924,0.002703125,0.4130924,0.002484375,,
,0.417487,0.002953125,0.417487,0.00271875,0.417487,0.0025,,
,0.4218816,0.00296875,0.4218816,0.00271875,0.4218816,0.002515625,,
,0.4262762,0.00296875,0.4262762,0.002734375,0.4262762,0.002515625,,
,0.4306708,0.002984375,0.4306708,0.00275,0.4306708,0.00253125,,
,0.4350654,0.003,0.4350654,0.002765625,0.4350654,0.00253125,,
,0.43946,0.003,0.43946,0.002765625,0.43946,0.002546875,,
,0.4438546,0.003015625,0.4438546,0.00278125,0.4438546,0.002546875,,
,0.4482492,0.00303125,0.4482492,0.00278125,0.4482492,0.0025625,,
,0.4526438,0.003046875,0.4526438,0.002796875,0.4526438,0.0025625,,
,0.4570384,0.003046875,0.4570384,0.002796875,0.4570384,0.002578125,,
,0.461433,0.0030625,0.461433,0.0028125,0.461433,0.00259375,,
,0.4658276,0.003078125,0.4658276,0.002828125,0.4658276,0.002609375,,
,0.4702222,0.003078125,0.4702222,0.00284375,0.4702222,0.002609375,,
,0.4746168,0.00309375,0.4746168,0.00284375,0.4746168,0.002625,,
,0.4790114,0.00309375,0.4790114,0.002859375,0.4790114,0.002625,,
,0.483406,0.003109375,0.483406,0.002859375,0.483406,0.002625,,
,0.4878006,0.003125,0.4878006,0.002875,0.4878006,0.002640625,,
,0.4921952,0.003125,0.4921952,0.002890625,0.4921952,0.002640625,,
,0.4965898,0.003140625,0.4965898,0.002890625,0.4965898,0.00265625,,
,0.5009844,0.003140625,0.5009844,0.00290625,0.5009844,0.00265625,,
,0.505379,0.003171875,0.505379,0.00290625,0.505379,0.002671875,,
,0.5097736,0.003171875,0.5097736,0.002921875,0.5097736,0.002671875,,
,0.5141682,0.0031875,0.5141682,0.002921875,0.5141682,0.002703125,,
,0.5185628,0.0031875,0.5185628,0.0029375,0.5185628,0.002703125,,
,0.5229574,0.003203125,0.5229574,0.002953125,0.5229574,0.00271875,,
,0.527352,0.00321875,0.527352,0.002953125,0.527352,0.00271875,,
,0.5317466,0.00321875,0.5317466,0.002953125,0.5317466,0.00271875,,
,0.5361412,0.003234375,0.5361412,0.00296875,0.5361412,0.002734375,,
,0.5405358,0.003234375,0.5405358,0.002984375,0.5405358,0.002734375,,
,0.5449304,0.00325,0.5449304,0.003,0.5449304,0.002734375,,
,0.549325,0.003265625,0.549325,0.003,0.549325,0.00275,,
,0.5537196,0.003265625,0.5537196,0.003,0.5537196,0.00275,,
,0.5581142,0.00328125,0.5581142,0.003015625,0.5581142,0.002765625,,
,0.5625088,0.00328125,0.5625088,0.003015625,0.5625088,0.002765625,,
,0.5669034,0.003296875,0.5669034,0.00303125,0.5669034,0.00278125,,
,0.571298,0.0033125,0.571298,0.00303125,0.571298,0.002796875,,
,0.5756926,0.0033125,0.5756926,0.003046875,0.5756926,0.002796875,,
,0.5800872,0.003328125,0.5800872,0.003046875,0.5800872,0.0028125,,
,0.5844818,0.003328125,0.5844818,0.0030625,0.5844818,0.0028125,,
,0.5888764,0.00334375,0.5888764,0.0030625,0.5888764,0.0028125,,
,0.593271,0.00334375,0.593271,0.003078125,0.593271,0.002828125,,
,0.5976656,0.003359375,0.5976656,0.003078125,0.5976656,0.002828125,,
,0.6020602,0.003375,0.6020602,0.00309375,0.6020602,0.00284375,,
,0.6064548,0.003375,0.6064548,0.003109375,0.6064548,0.00284375,,
,0.6108494,0.003390625,0.6108494,0.003109375,0.6108494,0.00284375,,
,0.615244,0.003390625,0.615244,0.003109375,0.615244,0.002859375,,
,0.6196386,0.00340625,0.6196386,0.003125,0.6196386,0.002859375,,
,0.6240332,0.00340625,0.6240332,0.003125,0.6240332,0.002875,,
,0.6284278,0.003421875,0.6284278,0.003125,0.6284278,0.002875,,
,0.6328224,0.003421875,0.6328224,0.003140625,0.6328224,0.002890625,,
,0.637217,0.003421875,0.637217,0.00315625,0.637217,0.002890625,,
,0.6416116,0.0034375,0.6416116,0.00315625,0.6416116,0.00290625,,
,0.6460062,0.003453125,0.6460062,0.003171875,0.6460062,0.00290625,,
,0.6504008,0.00346875,0.6504008,0.003171875,0.6504008,0.002921875,,
,0.6547954,0.00346875,0.6547954,0.003171875,0.6547954,0.002921875,,
,0.65919,0.003484375,0.65919,0.0031875,0.65919,0.002921875,,
,0.6635846,0.003484375,0.6635846,0.0031875,0.6635846,0.002921875,,
,0.6679792,0.0035,0.6679792,0.003203125,0.6679792,0.0029375,,
,0.6723738,0.0035,0.6723738,0.003203125,0.6723738,0.0029375,,
,0.6767684,0.0035,0.6767684,0.00321875,0.6767684,0.002953125,,
,0.681163,0.003515625,0.681163,0.00321875,0.681163,0.002953125,,
,0.6855576,0.003515625,0.6855576,0.003234375,0.6855576,0.002953125,,
,0.6899522,0.00353125,0.6899522,0.003234375,0.6899522,0.00296875,,
,0.6943468,0.00353125,0.6943468,0.003234375,0.6943468,0.00296875,,
,0.6987414,0.003546875,0.6987414,0.00325,0.6987414,0.002984375,,
,0.703136,0.003546875,0.703136,0.00325,0.703136,0.003,,
,0.7075306,0.0035625,0.7075306,0.003265625,0.7075306,0.003,,
,0.7119252,0.003578125,0.7119252,0.003265625,0.7119252,0.003,,
,0.7163198,0.003578125,0.7163198,0.00328125,0.7163198,0.003,,
,0.7207144,0.00359375,0.7207144,0.00328125,0.7207144,0.003015625,,
,0.725109,0.00359375,0.725109,0.00328125,0.725109,0.003015625,,
,0.7295036,0.003609375,0.7295036,0.003296875,0.7295036,0.003015625,,
,0.7338982,0.003609375,0.7338982,0.003296875,0.7338982,0.00303125,,
,0.7382928,0.003625,0.7382928,0.003296875,0.7382928,0.00303125,,
,0.7426874,0.003625,0.7426874,0.0033125,0.7426874,0.00303125,,
,0.747082,0.003625,0.747082,0.003328125,0.747082,0.003046875,,
,0.7514766,0.003640625,0.7514766,0.003328125,0.7514766,0.003046875,,
,0.7558712,0.003640625,0.7558712,0.00334375,0.7558712,0.003046875,,
,0.7602658,0.003640625,0.7602658,0.00334375,0.7602658,0.0030625,,
,0.7646604,0.00365625,0.7646604,0.00334375,0.7646604,0.0030625,,
,0.769055,0.00365625,0.769055,0.003359375,0.769055,0.0030625,,
,0.7734496,0.003671875,0.7734496,0.003359375,0.7734496,0.003078125,,
,0.7778442,0.0036875,0.7778442,0.003359375,0.7778442,0.00309375,,
,0.7822388,0.0036875,0.7822388,0.003375,0.7822388,0.00309375,,
,0.7866334,0.0036875,0.7866334,0.003375,0.7866334,0.003109375,,
,0.791028,0.003703125,0.791028,0.003390625,0.791028,0.003109375,,
,0.7954226,0.003703125,0.7954226,0.003390625,0.7954226,0.003109375,,
,0.7998172,0.00371875,0.7998172,0.003390625,0.7998172,0.003109375,,
,0.8042118,0.00371875,0.8042118,0.00340625,0.8042118,0.003125,,
,0.8086064,0.00371875,0.8086064,0.00340625,0.8086064,0.003125,,
,0.813001,0.003734375,0.813001,0.00340625,0.813001,0.003125,,
,0.8173956,0.00375,0.8173956,0.003421875,0.8173956,0.003125,,
,0.8217902,0.00375,0.8217902,0.003421875,0.8217902,0.003140625,,
,0.8261848,0.00375,0.8261848,0.0034375,0.8261848,0.003140625,,
,0.8305794,0.003765625,0.8305794,0.0034375,0.8305794,0.003140625,,
,0.834974,0.003765625,0.834974,0.003453125,0.834974,0.00315625,,
,0.8393686,0.00378125,0.8393686,0.003453125,0.8393686,0.00315625,,
,0.8437632,0.00378125,0.8437632,0.003453125,0.8437632,0.00315625,,
,0.8481578,0.003796875,0.8481578,0.00346875,0.8481578,0.00315625,,
,0.8525524,0.003796875,0.8525524,0.00346875,0.8525524,0.003171875,,
,0.856947,0.003796875,0.856947,0.00346875,0.856947,0.0031875,,
,0.8613416,0.0038125,0.8613416,0.003484375,0.8613416,0.0031875,,
,0.8657362,0.0038125,0.8657362,0.003484375,0.8657362,0.003203125,,
,0.8701308,0.0038125,0.8701308,0.003484375,0.8701308,0.003203125,,
,0.8745254,0.003828125,0.8745254,0.0035,0.8745254,0.003203125,,
,0.87892,0.003828125,0.87892,0.0035,0.87892,0.003203125,,
,0.8833146,0.00384375,0.8833146,0.0035,0.8833146,0.003203125,,
,0.8877092,0.00384375,0.8877092,0.0035,0.8877092,0.00321875,,
,0.8921038,0.00384375,0.8921038,0.003515625,0.8921038,0.00321875,,
,0.8964984,0.003859375,0.8964984,0.003515625,0.8964984,0.003234375,,
,0.900893,0.003859375,0.900893,0.003515625,0.900893,0.003234375,,
,0.9052876,0.003859375,0.9052876,0.00353125,0.9052876,0.003234375,,
,0.9096822,0.003875,0.9096822,0.00353125,0.9096822,0.003234375,,
,0.9140768,0.003890625,0.9140768,0.003546875,0.9140768,0.003234375,,
,0.9184714,0.003890625,0.9184714,0.003546875,0.9184714,0.003234375,,
,0.922866,0.003890625,0.922866,0.0035625,0.922866,0.00325,,
,0.9272606,0.00390625,0.9272606,0.0035625,0.9272606,0.00325,,
,0.9316552,0.00390625,0.9316552,0.0035625,0.9316552,0.003265625,,
,0.9360498,0.00390625,0.9360498,0.003578125,0.9360498,0.003265625,,
,0.9404444,0.003921875,0.9404444,0.003578125,0.9404444,0.003265625,,
,0.944839,0.003921875,0.944839,0.003578125,0.944839,0.00328125,,
,0.9492336,0.0039375,0.9492336,0.00359375,0.9492336,0.00328125,,
,0.9536282,0.0039375,0.9536282,0.00359375,0.9536282,0.003296875,,
,0.9580228,0.0039375,0.9580228,0.00359375,0.9580228,0.003296875,,
,0.9624174,0.003953125,0.9624174,0.00359375,0.9624174,0.003296875,,
,0.966812,0.003953125,0.966812,0.003609375,0.966812,0.003296875,,
,0.9712066,0.003953125,0.9712066,0.003609375,0.9712066,0.0033125,,
,0.9756012,0.00396875,0.9756012,0.003609375,0.9756012,0.0033125,,
,0.9799958,0.00396875,0.9799958,0.003609375,0.9799958,0.0033125,,
,0.9843904,0.003984375,0.9843904,0.003625,0.9843904,0.0033125,,
,0.988785,0.003984375,0.988785,0.003625,0.988785,0.003328125,,
,0.9931796,0.003984375,0.9931796,0.003640625,0.9931796,0.003328125,,
,0.9975742,0.004,0.9975742,0.00365625,0.9975742,0.003328125,,
,1.0019688,0.004,1.0019688,0.00365625,1.0019688,0.003328125,,
,1.0063634,0.004,1.0063634,0.00365625,1.0063634,0.00334375,,
,1.010758,0.004015625,1.010758,0.00365625,1.010758,0.00334375,,
,1.0151526,0.004015625,1.0151526,0.003671875,1.0151526,0.00334375,,
,1.0195472,0.004015625,1.0195472,0.003671875,1.0195472,0.003359375,,
,1.0239418,0.00403125,1.0239418,0.003671875,1.0239418,0.003359375,,
,1.0283364,0.00403125,1.0283364,0.0036875,1.0283364,0.003359375,,
,1.032731,0.004046875,1.032731,0.0036875,1.032731,0.003359375,,
,1.0371256,0.004046875,1.0371256,0.0036875,1.0371256,0.003375,,
,1.0415202,0.004046875,1.0415202,0.0036875,1.0415202,0.003375,,
,1.0459148,0.004046875,1.0459148,0.003703125,1.0459148,0.003390625,,
,1.0503094,0.0040625,1.0503094,0.003703125,1.0503094,0.003390625,,
,1.054704,0.0040625,1.054704,0.003703125,1.054704,0.003390625,,
,1.0590986,0.0040625,1.0590986,0.00371875,1.0590986,0.003390625,,
,1.0634932,0.004078125,1.0634932,0.00371875,1.0634932,0.00340625,,
,1.0678878,0.00409375,1.0678878,0.003734375,1.0678878,0.00340625,,
,1.0722824,0.00409375,1.0722824,0.003734375,1.0722824,0.00340625,,
,1.076677,0.00409375,1.076677,0.003734375,1.076677,0.00340625,,
,1.0810716,0.00409375,1.0810716,0.003734375,1.0810716,0.00340625,,
,,,1.0854662,0.003734375,1.0854662,0.003421875,,
,,,1.0898608,0.00375,1.0898608,0.003421875,,
,,,1.0942554,0.00375,1.0942554,0.003421875,,
,,,1.09865,0.00375,1.09865,0.003421875,,
,,,1.1030446,0.003765625,1.1030446,0.0034375,,
,,,1.1074392,0.003765625,1.1074392,0.0034375,,
,,,1.1118338,0.003765625,1.1118338,0.0034375,,
,,,1.1162284,0.003765625,1.1162284,0.0034375,,
,,,1.120623,0.00378125,1.120623,0.003453125,,
,,,1.1250176,0.00378125,1.1250176,0.003453125,,
,,,1.1294122,0.003796875,1.1294122,0.003453125,,
,,,1.1338068,0.003796875,1.1338068,0.00346875,,
,,,1.1382014,0.0038125,1.1382014,0.00346875,,
,,,1.142596,0.0038125,1.142596,0.003484375,,
,,,1.1469906,0.0038125,1.1469906,0.003484375,,
,,,1.1513852,0.0038125,1.1513852,0.003484375,,
,,,1.1557798,0.0038125,1.1557798,0.003484375,,
,,,1.1601744,0.003828125,1.1601744,0.0035,,
,,,1.164569,0.003828125,1.164569,0.0035,,
,,,1.1689636,0.003828125,1.1689636,0.0035,,
,,,1.1733582,0.003828125,1.1733582,0.0035,,
,,,1.1777528,0.00384375,1.1777528,0.003515625,,
,,,1.1821474,0.00384375,1.1821474,0.003515625,,
,,,1.186542,0.00384375,1.186542,0.003515625,,
,,,1.1909366,0.00384375,1.1909366,0.003515625,,
,,,1.1953312,0.003859375,1.1953312,0.003515625,,
,,,1.1997258,0.003859375,1.1997258,0.003515625,,
,,,1.2041204,0.003859375,1.2041204,0.00353125,,
,,,1.208515,0.003859375,1.208515,0.00353125,,
,,,1.2129096,0.003875,1.2129096,0.00353125,,
,,,1.2173042,0.003890625,1.2173042,0.003546875,,
,,,1.2216988,0.003890625,1.2216988,0.003546875,,
,,,1.2260933999999999,0.003890625,1.2260933999999999,0.003546875,,
,,,1.230488,0.003890625,1.230488,0.003546875,,
,,,1.2348826,0.00390625,1.2348826,0.003546875,,
,,,1.2392772,0.00390625,1.2392772,0.0035625,,
,,,1.2436718,0.00390625,1.2436718,0.0035625,,
,,,1.2480664,0.003921875,1.2480664,0.0035625,,
,,,1.252461,0.003921875,1.252461,0.003578125,,
,,,1.2568556,0.003921875,1.2568556,0.003578125,,
,,,1.2612502,0.003921875,1.2612502,0.003578125,,
,,,1.2656448,0.0039375,1.2656448,0.00359375,,
,,,1.2700394,0.0039375,1.2700394,0.00359375,,
,,,1.274434,0.0039375,1.274434,0.00359375,,
,,,1.2788286,0.0039375,1.2788286,0.00359375,,
,,,1.2832232,0.0039375,1.2832232,0.00359375,,
,,,1.2876178,0.003953125,1.2876178,0.003609375,,
,,,1.2920124,0.003953125,1.2920124,0.003609375,,
,,,1.296407,0.003953125,1.296407,0.003609375,,
,,,1.3008016,0.00396875,1.3008016,0.003609375,,
,,,1.3051962,0.00396875,1.3051962,0.003625,,
,,,1.3095908,0.00396875,1.3095908,0.003625,,
,,,1.3139854,0.003984375,1.3139854,0.003625,,
,,,1.31838,0.003984375,1.31838,0.003625,,
,,,1.3227746,0.003984375,1.3227746,0.003625,,
,,,1.3271692,0.003984375,1.3271692,0.003625,,
,,,1.3315638,0.003984375,1.3315638,0.003625,,
,,,1.3359584,0.003984375,1.3359584,0.003640625,,
,,,1.340353,0.004,1.340353,0.003640625,,
,,,1.3447476,0.004,1.3447476,0.003640625,,
,,,1.3491422,0.004,1.3491422,0.003640625,,
,,,1.3535368,0.004015625,1.3535368,0.003640625,,
,,,1.3579314,0.004015625,1.3579314,0.00365625,,
,,,1.362326,0.00403125,1.362326,0.00365625,,
,,,1.3667206,0.00403125,1.3667206,0.003671875,,
,,,1.3711152,0.00403125,1.3711152,0.003671875,,
,,,1.3755098,0.00403125,1.3755098,0.0036875,,
,,,1.3799044,0.00403125,1.3799044,0.0036875,,
,,,1.384299,0.00403125,1.384299,0.0036875,,
,,,1.3886936,0.004046875,1.3886936,0.0036875,,
,,,1.3930882,0.004046875,1.3930882,0.0036875,,
,,,1.3974828,0.004046875,1.3974828,0.0036875,,
,,,1.4018774,0.004046875,1.4018774,0.003703125,,
,,,1.406272,0.0040625,1.406272,0.003703125,,
,,,1.4106666,0.0040625,1.4106666,0.003703125,,
,,,1.4150612,0.0040625,1.4150612,0.003703125,,
,,,1.4194558,0.0040625,1.4194558,0.003703125,,
,,,1.4238504,0.004078125,1.4238504,0.003703125,,
,,,1.428245,0.004078125,1.428245,0.00371875,,
,,,1.4326396,0.004078125,1.4326396,0.00371875,,
,,,1.4370342,0.004078125,1.4370342,0.00371875,,
,,,1.4414288,0.004078125,1.4414288,0.00371875,,
,,,1.4458234,0.00409375,1.4458234,0.003734375,,
,,,1.450218,0.00409375,1.450218,0.003734375,,
,,,1.4546126,0.00409375,1.4546126,0.003734375,,
,,,1.4590072,0.00409375,1.4590072,0.00375,,
,,,1.4634018,0.00409375,1.4634018,0.00375,,
,,,1.4677964,0.004109375,1.4677964,0.00375,,
,,,1.472191,0.004109375,1.472191,0.00375,,
,,,1.4765856,0.004109375,1.4765856,0.00375,,
,,,1.4809802,0.004109375,1.4809802,0.00375,,
,,,1.4853748,0.004109375,1.4853748,0.00375,,
,,,1.4897694,0.004109375,1.4897694,0.00375,,
,,,1.494164,0.004125,1.494164,0.003765625,,
,,,1.4985586,0.004125,1.4985586,0.003765625,,
,,,1.5029532,0.004125,1.5029532,0.00378125,,
,,,1.5073478,0.004125,1.5073478,0.00378125,,
,,,1.5117424,0.004125,1.5117424,0.00378125,,
,,,1.516137,0.004125,1.516137,0.00378125,,
,,,1.5205316,0.004125,1.5205316,0.003796875,,
,,,1.5249262,0.004125,1.5249262,0.003796875,,
,,,1.5293208,0.004125,1.5293208,0.003796875,,
,,,1.5337154,0.004125,1.5337154,0.003796875,,
,,,1.53811,0.004125,1.53811,0.003796875,,
,,,,,1.5425046,0.0038125,,
,,,,,1.5468992,0.0038125,,
,,,,,1.5512938,0.0038125,,
,,,,,1.5556884,0.0038125,,
,,,,,1.560083,0.0038125,,
,,,,,1.5644776,0.003828125,,
,,,,,1.5688722,0.003828125,,
,,,,,1.5732668,0.003828125,,
,,,,,1.5776614,0.003828125,,
,,,,,1.582056,0.003828125,,
,,,,,1.5864506,0.003828125,,
,,,,,1.5908452,0.003828125,,
,,,,,1.5952398,0.00384375,,
,,,,,1.5996344,0.00384375,,
,,,,,1.604029,0.00384375,,
,,,,,1.6084236,0.00384375,,
,,,,,1.6128182,0.00384375,,
,,,,,1.6172128,0.003859375,,
,,,,,1.6216074,0.003859375,,
,,,,,1.626002,0.003859375,,
,,,,,1.6303966,0.003859375,,
,,,,,1.6347912,0.003875,,
,,,,,1.6391858,0.003875,,
,,,,,1.6435804,0.003875,,
,,,,,1.647975,0.003875,,
,,,,,1.6523696,0.003890625,,
,,,,,1.6567642,0.003890625,,
,,,,,1.6611588,0.003890625,,
,,,,,1.6655534,0.003890625,,
,,,,,1.669948,0.003890625,,
,,,,,1.6743426,0.00390625,,
,,,,,1.6787372,0.00390625,,
,,,,,1.6831318,0.00390625,,
,,,,,1.6875264,0.00390625,,
,,,,,1.691921,0.00390625,,
,,,,,1.6963156,0.00390625,,
,,,,,1.7007102,0.00390625,,
,,,,,1.7051048,0.003921875,,
,,,,,1.7094994,0.003921875,,
,,,,,1.713894,0.003921875,,
,,,,,1.7182886,0.003921875,,
,,,,,1.7226832,0.003921875,,
,,,,,1.7270778,0.0039375,,
,,,,,1.7314724,0.0039375,,
,,,,,1.735867,0.0039375,,
,,,,,1.7402616,0.003953125,,
,,,,,1.7446562,0.003953125,,
,,,,,1.7490508,0.003953125,,
,,,,,1.7534454,0.003953125,,
,,,,,1.75784,0.003953125,,
,,,,,1.7622346,0.00396875,,
,,,,,1.7666292,0.00396875,,
,,,,,1.7710238,0.003984375,,
,,,,,1.7754184,0.003984375,,
,,,,,1.779813,0.003984375,,
,,,,,1.7842076,0.003984375,,
,,,,,1.7886022,0.003984375,,
,,,,,1.7929968,0.003984375,,
,,,,,1.7973914,0.004,,
,,,,,1.801786,0.004,,
,,,,,1.8061806,0.004,,
,,,,,1.8105752,0.004,,
,,,,,1.8149698,0.004,,
,,,,,1.8193644,0.004,,
,,,,,1.823759,0.004015625,,
,,,,,1.8281536,0.004015625,,
,,,,,1.8325482,0.004015625,,
,,,,,1.8369428,0.004015625,,
,,,,,1.8413374,0.004015625,,
,,,,,1.845732,0.004015625,,
,,,,,,,,
,,,,,,,,
,,,,,,,,
,,,,,,,,
,,,,,,,,
,,,,,,,,
,,,,,,,,
,,,,,,,,
,,,,,,,,
,,,,,,,,
,,,,,,,,
,,,,,,,,
,,,,,,,,
,,,,,,,,
,,,,,,,,
,,,,,,,,
,,,,,,,,
,,,,,,,,
,,,,,,,,
,,,,,,,,
,,,,,,,,
,,,,,,,,
,,,,,,,,
,,,,,,,,
,,,,,,,,
,,,,,,,,
,,,,,,,,
,,,,,,,,
,,,,,,,,
,,,,,,,,
,,,,,,,,
,,,,,,,,
,,,,,,,,
,,,,,,,,
,,,,,,,,
,,,,,,,,
,,,,,,,,
,,,,,,,,
,,,,,,,,
,,,,,,,,
,,,,,,,,
,,,,,,,,
,,,,,,,,
,,,,,,,,
,,,,,,,,
,,,,,,,,
,,,,,,,,
,,,,,,,,
,,,,,,,,
,,,,,,,,
,,,,,,,,
,,,,,,,,
,,,,,,,,
,,,,,,,,
,,,,,,,,
,,,,,,,,
,,,,,,,,
,,,,,,,,
,,,,,,,,
,,,,,,,,
,,,,,,,,
,,,,,,,,
,,,,,,,,
,,,,,,,,
,,,,,,,,
,,,,,,,,
,,,,,,,,
,,,,,,,,
,,,,,,,,
,,,,,,,,
,,,,,,,,
,,,,,,,,
,,,,,,,,
,,,,,,,,
,,,,,,,,
,,,,,,,,
,,,,,,,,
,,,,,,,,
,,,,,,,,
,,,,,,,,
,,,,,,,,
,,,,,,,,
,,,,,,,,
,,,,,,,,
,,,,,,,,
,,,,,,,,
,,,,,,,,
,,,,,,,,
,,,,,,,,
,,,,,,,,
,,,,,,,,
,,,,,,,,
,,,,,,,,
,,,,,,,,
,,,,,,,,
,,,,,,,,
,,,,,,,,
,,,,,,,,
,,,,,,,,
,,,,,,,,
,,,,,,,,
,,,,,,,,
,,,,,,,,
,,,,,,,,
,,,,,,,,
,,,,,,,,
,,,,,,,,
,,,,,,,,
,,,,,,,,
,,,,,,,,
,,,,,,,,
,,,,,,,,
,,,,,,,,
,,,,,,,,
,,,,,,,,
,,,,,,,,
,,,,,,,,
,,,,,,,,
,,,,,,,,
,,,,,,,,
,,,,,,,,
,,,,,,,,
,,,,,,,,
,,,,,,,,
,,,,,,,,
,,,,,,,,
,,,,,,,,
,,,,,,,,
,,,,,,,,
,,,,,,,,
,,,,,,,,
,,,,,,,,
,,,,,,,,
,,,,,,,,
,,,,,,,,
,,,,,,,,
,,,,,,,,
,,,,,,,,
,,,,,,,,
,,,,,,,,
,,,,,,,,
,,,,,,,,
,,,,,,,,
,,,,,,,,
,,,,,,,,
,,,,,,,,
,,,,,,,,
,,,,,,,,
,,,,,,,,
,,,,,,,,
,,,,,,,,
,,,,,,,,
,,,,,,,,
,,,,,,,,
,,,,,,,,
,,,,,,,,
,,,,,,,,
,,,,,,,,
,,,,,,,,
,,,,,,,,
,,,,,,,,
,,,,,,,,
,,,,,,,,
,,,,,,,,
,,,,,,,,
,,,,,,,,
,,,,,,,,
,,,,,,,,
,,,,,,,,
,,,,,,,,
,,,,,,,,
,,,,,,,,
,,,,,,,,
,,,,,,,,
,,,,,,,,
,,,,,,,,
,,,,,,,,
,,,,,,,,
,,,,,,,,
,,,,,,,,
,,,,,,,,
,,,,,,,,
,,,,,,,,
,,,,,,,,
,,,,,,,,
,,,,,,,,
,,,,,,,,
,,,,,,,,
,,,,,,,,
,,,,,,,,
,,,,,,,,
,,,,,,,,
,,,,,,,,
,,,,,,,,
,,,,,,,,
,,,,,,,,
,,,,,,,,
,,,,,,,,
,,,,,,,,
,,,,,,,,
,,,,,,,,
,,,,,,,,
,,,,,,,,
,,,,,,,,
,,,,,,,,
,,,,,,,,
,,,,,,,,
,,,,,,,,
,,,,,,,,
,,,,,,,,
,,,,,,,,
,,,,,,,,
,,,,,,,,
,,,,,,,,
,,,,,,,,
,,,,,,,,
,,,,,,,,
,,,,,,,,
,,,,,,,,
,,,,,,,,
,,,,,,,,
,,,,,,,,
,,,,,,,,
,,,,,,,,
,,,,,,,,
,,,,,,,,
,,,,,,,,
,,,,,,,,
,,,,,,,,
,,,,,,,,
,,,,,,,,
,,,,,,,,
,,,,,,,,
,,,,,,,,
,,,,,,,,
,,,,,,,,
,,,,,,,,
,,,,,,,,
,,,,,,,,
,,,,,,,,
,,,,,,,,
,,,,,,,,
,,,,,,,,
,,,,,,,,
,,,,,,,,
,,,,,,,,
,,,,,,,,
,,,,,,,,
,,,,,,,,
,,,,,,,,
,,,,,,,,
,,,,,,,,
,,,,,,,,
,,,,,,,,
,,,,,,,,
,,,,,,,,
,,,,,,,,
,,,,,,,,
,,,,,,,,
,,,,,,,,
,,,,,,,,
,,,,,,,,
,,,,,,,,
,,,,,,,,
,,,,,,,,
,,,,,,,,
,,,,,,,,
,,,,,,,,
,,,,,,,,
,,,,,,,,
,,,,,,,,
,,,,,,,,
,,,,,,,,
,,,,,,,,
,,,,,,,,
,,,,,,,,
,,,,,,,,
,,,,,,,,
,,,,,,,,
,,,,,,,,
,,,,,,,,
,,,,,,,,
,,,,,,,,
,,,,,,,,
,,,,,,,,
,,,,,,,,
,,,,,,,,
,,,,,,,,
,,,,,,,,
,,,,,,,,
,,,,,,,,
,,,,,,,,
,,,,,,,,
,,,,,,,,
,,,,,,,,
,,,,,,,,
,,,,,,,,
,,,,,,,,
,,,,,,,,
,,,,,,,,
,,,,,,,,
,,,,,,,,
,,,,,,,,
,,,,,,,,
,,,,,,,,
,,,,,,,,
,,,,,,,,
,,,,,,,,
,,,,,,,,
,,,,,,,,
,,,,,,,,
,,,,,,,,
,,,,,,,,
,,,,,,,,
,,,,,,,,
,,,,,,,,
,,,,,,,,
,,,,,,,,
,,,,,,,,
,,,,,,,,
,,,,,,,,
,,,,,,,,
,,,,,,,,
,,,,,,,,
,,,,,,,,
,,,,,,,,
,,,,,,,,
,,,,,,,,
,,,,,,,,
,,,,,,,,
,,,,,,,,
,,,,,,,,
,,,,,,,,
,,,,,,,,
,,,,,,,,
,,,,,,,,
,,,,,,,,
,,,,,,,,
,,,,,,,,
,,,,,,,,
,,,,,,,,
,,,,,,,,
,,,,,,,,
,,,,,,,,
,,,,,,,,
,,,,,,,,
,,,,,,,,
,,,,,,,,
,,,,,,,,
,,,,,,,,
,,,,,,,,
,,,,,,,,
,,,,,,,,
,,,,,,,,
,,,,,,,,
,,,,,,,,
,,,,,,,,
,,,,,,,,
,,,,,,,,
,,,,,,,,
,,,,,,,,
,,,,,,,,
,,,,,,,,
,,,,,,,,
,,,,,,,,
,,,,,,,,
,,,,,,,,
,,,,,,,,
,,,,,,,,
,,,,,,,,
,,,,,,,,
,,,,,,,,
,,,,,,,,
,,,,,,,,
,,,,,,,,
,,,,,,,,
,,,,,,,,
,,,,,,,,
,,,,,,,,
,,,,,,,,
,,,,,,,,
,,,,,,,,
,,,,,,,,
,,,,,,,,
,,,,,,,,
,,,,,,,,
,,,,,,,,
,,,,,,,,
,,,,,,,,
,,,,,,,,
,,,,,,,,
,,,,,,,,
,,,,,,,,
,,,,,,,,
,,,,,,,,
,,,,,,,,
,,,,,,,,
,,,,,,,,
,,,,,,,,
,,,,,,,,
,,,,,,,,
,,,,,,,,
,,,,,,,,
,,,,,,,,
,,,,,,,,
,,,,,,,,
,,,,,,,,
,,,,,,,,
,,,,,,,,
,,,,,,,,
,,,,,,,,
,,,,,,,,
,,,,,,,,
,,,,,,,,
,,,,,,,,
,,,,,,,,
,,,,,,,,
,,,,,,,,
,,,,,,,,
,,,,,,,,
,,,,,,,,
,,,,,,,,
,,,,,,,,
,,,,,,,,
,,,,,,,,
,,,,,,,,
,,,,,,,,
,,,,,,,,
,,,,,,,,
,,,,,,,,
,,,,,,,,
,,,,,,,,
,,,,,,,,
,,,,,,,,
,,,,,,,,
,,,,,,,,
,,,,,,,,
,,,,,,,,
,,,,,,,,
,,,,,,,,
,,,,,,,,
,,,,,,,,
,,,,,,,,
,,,,,,,,
,,,,,,,,
,,,,,,,,
,,,,,,,,
,,,,,,,,
,,,,,,,,
,,,,,,,,
,,,,,,,,
,,,,,,,,
,,,,,,,,
,,,,,,,,
,,,,,,,,
,,,,,,,,
,,,,,,,,
,,,,,,,,
,,,,,,,,
,,,,,,,,
,,,,,,,,
,,,,,,,,
,,,,,,,,
,,,,,,,,
,,,,,,,,
,,,,,,,,
,,,,,,,,
,,,,,,,,
,,,,,,,,
,,,,,,,,
,,,,,,,,
,,,,,,,,
,,,,,,,,
,,,,,,,,
,,,,,,,,
,,,,,,,,
,,,,,,,,
,,,,,,,,
,,,,,,,,
,,,,,,,,
,,,,,,,,
,,,,,,,,
,,,,,,,,
,,,,,,,,
,,,,,,,,
,,,,,,,,
,,,,,,,,
,,,,,,,,
,,,,,,,,
,,,,,,,,
,,,,,,,,
,,,,,,,,
,,,,,,,,
,,,,,,,,
,,,,,,,,
,,,,,,,,
,,,,,,,,
,,,,,,,,
,,,,,,,,
,,,,,,,,
,,,,,,,,
,,,,,,,,
,,,,,,,,
,,,,,,,,
,,,,,,,,
,,,,,,,,
,,,,,,,,
,,,,,,,,
,,,,,,,,
,,,,,,,,
,,,,,,,,
,,,,,,,,
,,,,,,,,
,,,,,,,,
,,,,,,,,
,,,,,,,,
,,,,,,,,
,,,,,,,,
,,,,,,,,
,,,,,,,,
,,,,,,,,
,,,,,,,,
,,,,,,,,
,,,,,,,,
,,,,,,,,
,,,,,,,,
,,,,,,,,
,,,,,,,,
,,,,,,,,
,,,,,,,,
,,,,,,,,
,,,,,,,,
,,,,,,,,
,,,,,,,,
,,,,,,,,
,,,,,,,,
,,,,,,,,
,,,,,,,,
,,,,,,,,
,,,,,,,,
,,,,,,,,
,,,,,,,,
,,,,,,,,
,,,,,,,,
,,,,,,,,
,,,,,,,,
,,,,,,,,
,,,,,,,,
,,,,,,,,
,,,,,,,,
,,,,,,,,
,,,,,,,,
,,,,,,,,
,,,,,,,,
,,,,,,,,
,,,,,,,,
,,,,,,,,
,,,,,,,,
,,,,,,,,
,,,,,,,,
,,,,,,,,
,,,,,,,,
,,,,,,,,
,,,,,,,,
,,,,,,,,
,,,,,,,,
,,,,,,,,
,,,,,,,,
,,,,,,,,
,,,,,,,,
,,,,,,,,
,,,,,,,,
,,,,,,,,
,,,,,,,,
,,,,,,,,
,,,,,,,,
,,,,,,,,
,,,,,,,,
,,,,,,,,
,,,,,,,,
,,,,,,,,
,,,,,,,,
,,,,,,,,
,,,,,,,,
,,,,,,,,
,,,,,,,,
