step,mass,mass_drift,c_min,c_max,c_oob_low,c_oob_high,rho_min,rho_max,pressure_min,pressure_max,mu_min,mu_max,u_max,f_pressure_max,f_surf_max,f_mu_max,f_body_max,f_total_max,force_over_rho_max,force_cap_hits,g_min,g_max,wall_cells,write_allowed_cells,wall_ghost_min,wall_ghost_max,nonfinite_count
0,1151.6332540613578,0.0,9.020596492548271e-07,0.9941414338584684,0,0,0.10000081185368434,0.9947272904726217,0.033333603951228113,0.33157576349087386,-2.155422422680661e-05,0.0008062190325630363,3.825646031192756e-17,0.0,0.0,0.0,0.0,0.0,0.0,0,0.0004629667215448349,0.2947340119918878,0,0,0.5,0.5,0
1,1151.6332540613578,0.0,7.965761517303102e-07,0.9945160181843508,0,0,0.10000071691853657,0.9950644163659157,0.03333357230617885,0.33168813878863856,-2.1346553076874177e-05,0.0007945018072154198,0.1656673833728342,0.0,0.0,0.0,0.0,0.0,0.0,0,0.0004629667215448349,0.29473401199188787,0,0,0.5,0.5,0
2,1151.6332540613575,-2.2737367544323206e-13,7.236956218712945e-07,0.9948116422325328,0,0,0.10000065132605969,0.9953304780092795,0.033333550442019896,0.33177682600309316,-2.1186233009283323e-05,0.0008035312517274408,0.32946468473672674,0.0,0.0,0.0,0.0,0.0,0.0,0,0.0003668270634138207,0.294856730087544,0,0,0.5,0.5,0
3,1151.6332540613578,0.0,6.700181078897242e-07,0.9950486928449573,0,0,0.10000060301629711,0.9955438235604617,0.0333335343387657,0.33184794118682054,-2.1075300103474112e-05,0.0008092833062264674,0.4992489760025021,0.0,0.0,0.0,0.0,0.0,0.0,0,0.0002257926231129957,0.2949138933196733,0,0,0.5,0.5,0
4,1151.6332540613575,-2.2737367544323206e-13,6.285266852717463e-07,0.9952398797909361,0,0,0.10000056567401674,0.9957158918118425,0.03333352189133891,0.33190529727061413,-2.10116265546911e-05,0.0008131960053265209,0.6987999073236892,0.0,0.0,0.0,0.0,0.0,0.0,0,7.612817880616367e-05,0.2949516948590203,0,0,0.5,0.5,0
5,1151.6332540613575,-2.2737367544323206e-13,5.952588606306863e-07,0.99539388227012,0,0,0.10000053573297457,0.9958544940431081,0.03333351191099152,0.33195149801436935,-2.0989485915491494e-05,0.000815994190391491,0.8830704984317166,0.0,0.0,0.0,0.0,0.0,0.0,0,-0.003420997549634515,0.29495983741984705,0,0,0.5,0.5,0
6,1151.6332540613573,-4.547473508864641e-13,5.678221022732316e-07,0.9955172575759134,0,0,0.10000051103989205,0.995965531818322,0.033333503679964016,0.33198851060610735,-2.1001241919785217e-05,0.0008180723911719737,1.1140414443668782,0.0,0.0,0.0,0.0,0.0,0.0,0,-0.01196525882778475,0.2949524832664562,0,0,0.5,0.5,0
7,1151.6332540613573,-4.547473508864641e-13,5.446872678206132e-07,0.9956153371421028,0,0,0.10000049021854104,0.9960538034278925,0.03333349673951368,0.33201793447596417,-2.103885285715443e-05,0.0008196610084914098,1.4039477911405023,0.0,0.0,0.0,0.0,0.0,0.0,0,-0.03757700790129583,0.29493901056458016,0,0,0.5,0.5,0
8,1151.6332540613575,-2.2737367544323206e-13,5.248295544635839e-07,0.9956926158610715,0,0,0.10000047234659902,0.9961233542749643,0.03333349078219967,0.33204111809165476,-2.109485061824084e-05,0.0008209028392118611,1.4043810897125266,0.0,0.0,0.0,0.0,0.0,0.0,0,-0.07542457385017778,0.2949261492713838,0,0,0.5,0.5,0
9,1151.633254061357,-6.821210263296962e-13,5.075345616352165e-07,0.9957529196880744,0,0,0.10000045678110547,0.996177627719267,0.03333348559370182,0.3320592092397556,-2.1162836607516897e-05,0.0008218906842181097,1.323358945881532,0.0,0.0,0.0,0.0,0.0,0.0,0,-0.06909773899776771,0.2949161931347354,0,0,0.5,0.5,0
10,1151.633254061357,-6.821210263296962e-13,4.922876573584795e-07,0.9957994906962438,0,0,0.10000044305889162,0.9962195416266195,0.03333348101963054,0.33207318054220647,-2.1237639186922118e-05,0.0008226871136107083,1.5552865288881454,0.0,0.0,0.0,0.0,0.0,0.0,0,-0.0686305861008342,0.29490954314869516,0,0,0.5,0.5,0
11,1151.633254061357,-6.821210263296962e-13,4.787077738604021e-07,0.995835048527066,0,0,0.10000043083699647,0.9962515436743594,0.03333347694566549,0.3320838478914531,-2.1315270626852967e-05,0.0008233355406860288,2.1299377843718954,0.0,0.0,0.0,0.0,0.0,0.0,0,-0.11736524458215428,0.2949064559031455,0,0,0.5,0.5,0
12,1151.633254061357,-6.821210263296962e-13,4.665061093195417e-07,0.9958618485082211,0,0,0.10000041985549839,0.9962756636573991,0.03333347328516613,0.3320918878857997,-2.1392784482211858e-05,0.0008238667886578145,3.2641469635588853,0.0,0.0,0.0,0.0,0.0,0.0,0,-0.23031247037294172,0.29490513024285814,0,0,0.5,0.5,0
13,1151.633254061357,-6.821210263296962e-13,4.5545941968505265e-07,0.995881740466061,0,0,0.10000040991347772,0.996293566419455,0.03333346997115924,0.3320978554731516,-2.1468097434814095e-05,0.0008243031738823788,5.0835786604184605,0.0,0.0,0.0,0.0,0.0,0.0,0,-0.5589456459776183,0.37921967702606063,0,0,0.5,0.5,0
14,1151.633254061357,-6.821210263296962e-13,4.4539219428302723e-07,0.9958962267568069,0,0,0.10000040085297486,0.9963066040811263,0.03333346695099162,0.3321022013603754,-2.1539811798367296e-05,0.0008246611430832003,13.507742749312538,0.0,0.0,0.0,0.0,0.0,0.0,0,-1.3626988231065016,0.7996207106587921,0,0,0.5,0.5,0
15,1151.6332540613569,-9.094947017729282e-13,4.361644276129611e-07,0.9959065170669926,0,0,0.10000039254798486,0.9963158653602934,0.033333464182661615,0.3321052884534311,-2.1607056484517277e-05,0.0008249530275218466,96.12763893901332,0.0,0.0,0.0,0.0,0.0,0.0,0,-10.023036179305764,5.23684930570795,0,0,0.5,0.5,0
16,1151.6332540613569,-9.094947017729282e-13,4.2766302325993087e-07,0.9959135781251871,0,0,0.10000038489672095,0.9963222203126684,0.03333346163224031,0.33210740677088946,-2.1669353161005325e-05,0.0008251882361344857,4808.485408407064,0.0,0.0,0.0,0.0,0.0,0.0,0,-513.2083023061765,157.76666595715687,0,0,0.5,0.5,0
17,1151.633254061357,-6.821210263296962e-13,4.197956183739268e-07,0.995918177362219,0,0,0.10000037781605654,0.9963263596259971,0.03333345927201885,0.33210878654199905,-2.1726508245201108e-05,0.0008253740807202381,7644462.537185692,0.0,0.0,0.0,0.0,0.0,0.0,0,-1285768.3570857544,401472.2731392796,0,0,0.5,0.5,0
18,1151.6332540613566,-1.1368683772161603e-12,4.1248605963577367e-07,0.9959209203058145,0,0,0.10000037123745367,0.9963288282752331,0.033333457079151224,0.33210960942507767,-2.1778528397258444e-05,0.0008255163537436325,18261089038716.645,0.0,0.0,0.0,0.0,0.0,0.0,0,-3261178117180.6914,1014838950674.3909,0,0,0.5,0.5,0
19,1151.6332540613569,-9.094947017729282e-13,4.056710297541375e-07,0.9959222819962468,0,0,0.10000036510392678,0.9963300537966221,0.03333345503464226,0.33211001793220735,-2.1825556008499067e-05,0.0008256197366143623,9.574167847066854e+25,0.0,0.0,0.0,0.0,0.0,0.0,0,-1.8889792207698675e+25,5.849759027485424e+24,0,0,0.5,0.5,0
20,1151.6332540613566,-1.1368683772161603e-12,3.9929749086410694e-07,0.9959226329896159,0,0,0.10000035936774178,0.9963303696906544,0.03333345312258059,0.3321101232302181,-2.1867820991298158e-05,0.0008256880901281896,2.4632623177822756e+51,0.0,0.0,0.0,0.0,0.0,0.0,0,-5.5257958046387495e+50,1.7057857478465853e+50,0,0,0.5,0.5,0
