step,group,bin,active_count,limiter_count,limiter_fraction,normal_limiter_count,normal_limiter_fraction,ratio_cap_selected_count,ratio_cap_selected_fraction,abs_cap_selected_count,abs_cap_selected_fraction,raw_delta_p95,raw_delta_p99,limiter_ratio_p50,cap_demand_ratio_p50,cap_demand_ratio_p95,cap_demand_ratio_p99,normal_raw_abs_p50,normal_raw_abs_p95
0,region,none_or_unknown,7536,0,0.0,6188,0.8211252653927813,3272,0.43418259023354566,4264,0.5658174097664543,0.40428017045328624,0.4081444557114358,0.2761563877703465,3.621136588850542,8.085603409065724,8.162889114228715,0.06133080428151852,0.15245514100433458
0,region,sphere_upper,0,0,nan,0,nan,0,nan,0,nan,nan,nan,nan,nan,nan,nan,nan,nan
0,region,sphere_lower90,0,0,nan,0,nan,0,nan,0,nan,nan,nan,nan,nan,nan,nan,nan,nan
0,region,sphere_bottom120,0,0,nan,0,nan,0,nan,0,nan,nan,nan,nan,nan,nan,nan,nan,nan
0,region,outer_or_other_wall,0,0,nan,0,nan,0,nan,0,nan,nan,nan,nan,nan,nan,nan,nan,nan
0,theta_zone,sphere11,0,0,nan,0,nan,0,nan,0,nan,nan,nan,nan,nan,nan,nan,nan,nan
0,theta_zone,outer90,0,0,nan,0,nan,0,nan,0,nan,nan,nan,nan,nan,nan,nan,nan,nan
0,theta_zone,fallback,7536,0,0.0,6188,0.8211252653927813,3272,0.43418259023354566,4264,0.5658174097664543,0.40428017045328624,0.4081444557114358,0.2761563877703465,3.621136588850542,8.085603409065724,8.162889114228715,0.06133080428151852,0.15245514100433458
0,c_bin,c_0_0p05,1000,0,0.0,300,0.3,1000,1.0,0,0.0,0.05715584790971843,0.06104005898620029,1.0,0.440074783933598,1.9306864631260052,2.014615212954102,0.01608859262834797,0.024543048581596616
0,c_bin,c_0p05_0p10,740,0,0.0,740,1.0,580,0.7837837837837838,160,0.21621621621621623,0.17094207488075458,0.17436785059593637,0.3183879477497432,3.140822405708686,3.4188414976150914,3.4873570119187276,0.036112298180738744,0.0476526612431514
0,c_bin,c_0p10_0p30,1324,0,0.0,1324,1.0,0,0.0,1324,1.0,0.35946053222094604,0.36498427081152024,0.18219602848449934,5.488593842126899,7.18921064441892,7.299685416230404,0.08324426169947649,0.11862949547187074
0,c_bin,c_0p30_0p70,1632,0,0.0,1632,1.0,0,0.0,1632,1.0,0.4080483759682903,0.40860499650467746,0.1280951507655474,7.806696774021303,8.160967519365805,8.172099930093548,0.14636025225266994,0.15386520038625762
0,c_bin,c_0p70_0p90,1276,0,0.0,1276,1.0,128,0.10031347962382445,1148,0.8996865203761756,0.3066871690746563,0.3147749660734297,0.23283891171314272,4.294814782642511,6.133743381493127,6.2954993214685935,0.09072827106264036,0.12775463181251415
0,c_bin,c_0p90_0p95,696,0,0.0,696,1.0,696,1.0,0,0.0,0.12139029041443403,0.12404524849229377,0.3543118277422757,2.8223726592595177,2.8285234969706727,2.8297879629560656,0.03641927559553615,0.05062270342068331
0,c_bin,c_0p95_1,868,0,0.0,220,0.2534562211981567,868,1.0,0,0.0,0.0360287482031172,0.0385333666115387,1.0,0.35392927372483296,1.6858274894571863,1.7651688619433654,0.016411549453357488,0.025097148072789566
0,tangent_bin,t_0_0p005,60,0,0.0,0,0.0,60,1.0,0,0.0,1.6766909554905587e-05,1.6766909554905587e-05,1.0,0.000588331457505701,0.0016766909554905586,0.0016766909554905586,0.010501676465884013,0.010721630941751603
0,tangent_bin,t_0p005_0p01,952,0,0.0,4,0.004201680672268907,952,1.0,0,0.0,0.01450706854854997,0.017371260815792086,1.0,0.08370476297821051,0.8589894136345394,0.9882552345728082,0.013139095655361144,0.019846644992900564
0,tangent_bin,t_0p01_0p02,1460,0,0.0,1120,0.7671232876712328,1460,1.0,0,0.0,0.09370989630527297,0.09889920009663344,0.5891694918027255,1.697304449590942,2.826850109716863,2.82931141013917,0.023842514113010416,0.0383225874953903
0,tangent_bin,t_0p02_0p05,2356,0,0.0,2356,1.0,800,0.3395585738539898,1556,0.6604414261460102,0.25453220273540855,0.2705843544008822,0.2877794843898933,3.474882867762618,5.090644054708171,5.4116870880176435,0.0586252057640998,0.09753693620185777
0,tangent_bin,t_0p05_0p10,2708,0,0.0,2708,1.0,0,0.0,2708,1.0,0.4071638936081499,0.4085931491316385,0.13820971127314172,7.235381586346819,8.143277872162997,8.17186298263277,0.13478554577951907,0.15368599521798243
0,tangent_bin,t_0p10_inf,0,0,nan,0,nan,0,nan,0,nan,nan,nan,nan,nan,nan,nan,nan,nan
0,normal_raw_abs_bin,normal_raw_abs_0_1e-4,0,0,nan,0,nan,0,nan,0,nan,nan,nan,nan,nan,nan,nan,nan,nan
0,normal_raw_abs_bin,normal_raw_abs_1e-4_1e-3,0,0,nan,0,nan,0,nan,0,nan,nan,nan,nan,nan,nan,nan,nan,nan
0,normal_raw_abs_bin,normal_raw_abs_1e-3_1e-2,0,0,nan,0,nan,0,nan,0,nan,nan,nan,nan,nan,nan,nan,nan,nan
0,normal_raw_abs_bin,normal_raw_abs_1e-2_5e-2,3272,0,0.0,1924,0.5880195599022005,3088,0.9437652811735942,184,0.05623471882640587,0.15922186804732105,0.17378882077928032,0.6594121199683275,1.5165023051866735,3.1844373609464207,3.475776415585606,0.02289279099363306,0.046155033582219146
0,normal_raw_abs_bin,normal_raw_abs_5e-2_inf,4264,0,0.0,4264,1.0,184,0.043151969981238276,4080,0.9568480300187617,0.4066389632016861,0.40847324434640436,0.1633060647506951,6.123479731652755,8.13277926403372,8.169464886928086,0.11170836273937218,0.15340541704949062
0,cap_source,abs_cap_selected,4264,0,0.0,4264,1.0,0,0.0,4264,1.0,0.4066389632016861,0.40847324434640436,0.1633060647506951,6.123479731652755,8.13277926403372,8.169464886928086,0.11170836273937218,0.15340541704949062
0,cap_source,raw_normal_scale_selected,0,0,nan,0,nan,0,nan,0,nan,nan,nan,nan,nan,nan,nan,nan,nan
0,cap_source,target_scale_selected,3116,0,0.0,1924,0.6174582798459564,3116,1.0,0,0.0,0.14014889932401414,0.15239043304197117,0.5982914077026211,1.6714263101987366,3.142590716968507,3.150745961944729,0.02356750796742771,0.05092757718087271
0,cap_source,tangent_scale_selected,0,0,nan,0,nan,0,nan,0,nan,nan,nan,nan,nan,nan,nan,nan,nan
0,cap_source,floor_scale_selected,156,0,0.0,0,0.0,156,1.0,0,0.0,0.0001877620662915856,0.00020439650568746307,1.0,0.0027976705536626356,0.01877620662915856,0.020439650568746307,0.01087076045966262,0.01182938361665549
0,cap_source,none_or_inactive,0,0,nan,0,nan,0,nan,0,nan,nan,nan,nan,nan,nan,nan,nan,nan
0,stage8g_mode,mode_0,0,0,nan,0,nan,0,nan,0,nan,nan,nan,nan,nan,nan,nan,nan,nan
0,stage8g_mode,mode_1,7536,0,0.0,6188,0.8211252653927813,3272,0.43418259023354566,4264,0.5658174097664543,0.40428017045328624,0.4081444557114358,0.2761563877703465,3.621136588850542,8.085603409065724,8.162889114228715,0.06133080428151852,0.15245514100433458
0,stage8g_mode,mode_2,0,0,nan,0,nan,0,nan,0,nan,nan,nan,nan,nan,nan,nan,nan,nan
0,stage8g_mode,mode_3,0,0,nan,0,nan,0,nan,0,nan,nan,nan,nan,nan,nan,nan,nan,nan
0,limiter_class,none,1348,0,0.0,0,0.0,1348,1.0,0,0.0,0.018068088759567797,0.02322686279594207,1.0,0.1848149175228566,0.9004041448817545,0.9882552345728082,0.014216941337634514,0.019095642358162107
0,limiter_class,abs_cap_limiter,4264,0,0.0,4264,1.0,0,0.0,4264,1.0,0.4066389632016861,0.40847324434640436,0.1633060647506951,6.123479731652755,8.13277926403372,8.169464886928086,0.11170836273937218,0.15340541704949062
0,limiter_class,ratio_cap_limiter,0,0,nan,0,nan,0,nan,0,nan,nan,nan,nan,nan,nan,nan,nan,nan
0,limiter_class,secondary_vector_safety,0,0,nan,0,nan,0,nan,0,nan,nan,nan,nan,nan,nan,nan,nan,nan
0,limiter_class,inactive_or_fallback,0,0,nan,0,nan,0,nan,0,nan,nan,nan,nan,nan,nan,nan,nan,nan
0,normal_agreement_bin,normal_0_0p5,0,0,nan,0,nan,0,nan,0,nan,nan,nan,nan,nan,nan,nan,nan,nan
0,normal_agreement_bin,normal_0p5_0p9,0,0,nan,0,nan,0,nan,0,nan,nan,nan,nan,nan,nan,nan,nan,nan
0,normal_agreement_bin,normal_0p9_0p99,0,0,nan,0,nan,0,nan,0,nan,nan,nan,nan,nan,nan,nan,nan,nan
0,normal_agreement_bin,normal_0p99_1p01,7536,0,0.0,6188,0.8211252653927813,3272,0.43418259023354566,4264,0.5658174097664543,0.40428017045328624,0.4081444557114358,0.2761563877703465,3.621136588850542,8.085603409065724,8.162889114228715,0.06133080428151852,0.15245514100433458
0,c_x_tangent:c_0_0p05,t_0_0p005,0,0,nan,0,nan,0,nan,0,nan,nan,nan,nan,nan,nan,nan,nan,nan
0,c_x_tangent:c_0_0p05,t_0p005_0p01,360,0,0.0,0,0.0,360,1.0,0,0.0,0.0036274470418510914,0.003802660901135127,1.0,0.028395366041006207,0.2058782548483377,0.2144268822764319,0.011655925696507391,0.0141150664315281
0,c_x_tangent:c_0_0p05,t_0p01_0p02,640,0,0.0,300,0.46875,640,1.0,0,0.0,0.060497106447505035,0.06104005898620031,1.0,0.9126485958147882,2.010896481324153,2.014615212954102,0.019095642358162107,0.02497242314886286
0,c_x_tangent:c_0_0p05,t_0p02_0p05,0,0,nan,0,nan,0,nan,0,nan,nan,nan,nan,nan,nan,nan,nan,nan
0,c_x_tangent:c_0_0p05,t_0p05_0p10,0,0,nan,0,nan,0,nan,0,nan,nan,nan,nan,nan,nan,nan,nan,nan
0,c_x_tangent:c_0_0p05,t_0p10_inf,0,0,nan,0,nan,0,nan,0,nan,nan,nan,nan,nan,nan,nan,nan,nan
0,c_x_tangent:c_0p05_0p10,t_0_0p005,0,0,nan,0,nan,0,nan,0,nan,nan,nan,nan,nan,nan,nan,nan,nan
0,c_x_tangent:c_0p05_0p10,t_0p005_0p01,0,0,nan,0,nan,0,nan,0,nan,nan,nan,nan,nan,nan,nan,nan,nan
0,c_x_tangent:c_0p05_0p10,t_0p01_0p02,144,0,0.0,144,1.0,144,1.0,0,0.0,0.0987968222329922,0.09889920009663344,0.40567333497730074,2.465039031980667,2.781439193778699,2.7820431854027294,0.02753830244265365,0.029659524076455834
0,c_x_tangent:c_0p05_0p10,t_0p02_0p05,596,0,0.0,596,1.0,436,0.7315436241610739,160,0.2684563758389262,0.17214139468042097,0.1747380499869132,0.3180929757739758,3.1437349333691675,3.442827893608419,3.4947609997382636,0.03880322507922837,0.04816039843590489
0,c_x_tangent:c_0p05_0p10,t_0p05_0p10,0,0,nan,0,nan,0,nan,0,nan,nan,nan,nan,nan,nan,nan,nan,nan
0,c_x_tangent:c_0p05_0p10,t_0p10_inf,0,0,nan,0,nan,0,nan,0,nan,nan,nan,nan,nan,nan,nan,nan,nan
0,c_x_tangent:c_0p10_0p30,t_0_0p005,0,0,nan,0,nan,0,nan,0,nan,nan,nan,nan,nan,nan,nan,nan,nan
0,c_x_tangent:c_0p10_0p30,t_0p005_0p01,0,0,nan,0,nan,0,nan,0,nan,nan,nan,nan,nan,nan,nan,nan,nan
0,c_x_tangent:c_0p10_0p30,t_0p01_0p02,0,0,nan,0,nan,0,nan,0,nan,nan,nan,nan,nan,nan,nan,nan,nan
0,c_x_tangent:c_0p10_0p30,t_0p02_0p05,660,0,0.0,660,1.0,0,0.0,660,1.0,0.2688886113099869,0.272519553481946,0.2242245654615169,4.459814641369558,5.377772226199738,5.45039106963892,0.06475327962746971,0.08106619805218623
0,c_x_tangent:c_0p10_0p30,t_0p05_0p10,664,0,0.0,664,1.0,0,0.0,664,1.0,0.3639370519860934,0.36667653752196394,0.15481372714764524,6.459391166799211,7.278741039721868,7.333530750439278,0.10235990587930383,0.12085609133466357
0,c_x_tangent:c_0p10_0p30,t_0p10_inf,0,0,nan,0,nan,0,nan,0,nan,nan,nan,nan,nan,nan,nan,nan,nan
0,c_x_tangent:c_0p30_0p70,t_0_0p005,0,0,nan,0,nan,0,nan,0,nan,nan,nan,nan,nan,nan,nan,nan,nan
0,c_x_tangent:c_0p30_0p70,t_0p005_0p01,0,0,nan,0,nan,0,nan,0,nan,nan,nan,nan,nan,nan,nan,nan,nan
0,c_x_tangent:c_0p30_0p70,t_0p01_0p02,0,0,nan,0,nan,0,nan,0,nan,nan,nan,nan,nan,nan,nan,nan,nan
0,c_x_tangent:c_0p30_0p70,t_0p02_0p05,0,0,nan,0,nan,0,nan,0,nan,nan,nan,nan,nan,nan,nan,nan,nan
0,c_x_tangent:c_0p30_0p70,t_0p05_0p10,1632,0,0.0,1632,1.0,0,0.0,1632,1.0,0.4080483759682903,0.40860499650467746,0.1280951507655474,7.806696774021303,8.160967519365805,8.172099930093548,0.14636025225266994,0.15386520038625762
0,c_x_tangent:c_0p30_0p70,t_0p10_inf,0,0,nan,0,nan,0,nan,0,nan,nan,nan,nan,nan,nan,nan,nan,nan
0,c_x_tangent:c_0p70_0p90,t_0_0p005,0,0,nan,0,nan,0,nan,0,nan,nan,nan,nan,nan,nan,nan,nan,nan
0,c_x_tangent:c_0p70_0p90,t_0p005_0p01,0,0,nan,0,nan,0,nan,0,nan,nan,nan,nan,nan,nan,nan,nan,nan
0,c_x_tangent:c_0p70_0p90,t_0p01_0p02,0,0,nan,0,nan,0,nan,0,nan,nan,nan,nan,nan,nan,nan,nan,nan
0,c_x_tangent:c_0p70_0p90,t_0p02_0p05,864,0,0.0,864,1.0,128,0.14814814814814814,736,0.8518518518518519,0.24105226890046266,0.24929963763559435,0.2761563877703465,3.621136588850542,4.821045378009253,4.985992752711887,0.07635014006733704,0.1018186767742349
0,c_x_tangent:c_0p70_0p90,t_0p05_0p10,412,0,0.0,412,1.0,0,0.0,412,1.0,0.314586184702802,0.31492232016729554,0.1762618851150774,5.6733762908930805,6.2917236940560395,6.298446403345911,0.1190540784429932,0.13060380568799246
0,c_x_tangent:c_0p70_0p90,t_0p10_inf,0,0,nan,0,nan,0,nan,0,nan,nan,nan,nan,nan,nan,nan,nan,nan
0,c_x_tangent:c_0p90_0p95,t_0_0p005,0,0,nan,0,nan,0,nan,0,nan,nan,nan,nan,nan,nan,nan,nan,nan
0,c_x_tangent:c_0p90_0p95,t_0p005_0p01,0,0,nan,0,nan,0,nan,0,nan,nan,nan,nan,nan,nan,nan,nan,nan
0,c_x_tangent:c_0p90_0p95,t_0p01_0p02,460,0,0.0,460,1.0,460,1.0,0,0.0,0.09818695515664799,0.10028994032607143,0.37269529974381677,2.683156993628253,2.829061922567394,2.8297879629560656,0.033069214250144585,0.04081932050400772
0,c_x_tangent:c_0p90_0p95,t_0p02_0p05,236,0,0.0,236,1.0,236,1.0,0,0.0,0.12302823168006141,0.12404524849229377,0.3540419435997959,2.824524094044592,2.827041316635209,2.8278924014343203,0.04649969849406416,0.0512338344047063
0,c_x_tangent:c_0p90_0p95,t_0p05_0p10,0,0,nan,0,nan,0,nan,0,nan,nan,nan,nan,nan,nan,nan,nan,nan
0,c_x_tangent:c_0p90_0p95,t_0p10_inf,0,0,nan,0,nan,0,nan,0,nan,nan,nan,nan,nan,nan,nan,nan,nan
0,c_x_tangent:c_0p95_1,t_0_0p005,60,0,0.0,0,0.0,60,1.0,0,0.0,1.6766909554905587e-05,1.6766909554905587e-05,1.0,0.000588331457505701,0.0016766909554905586,0.0016766909554905586,0.010501676465884013,0.010721630941751603
0,c_x_tangent:c_0p95_1,t_0p005_0p01,592,0,0.0,4,0.006756756756756757,592,1.0,0,0.0,0.01542763459545264,0.017371260815792086,1.0,0.1848149175228566,0.9016299423967087,0.9882552345728082,0.014813310062430918,0.02011650590641223
0,c_x_tangent:c_0p95_1,t_0p01_0p02,216,0,0.0,216,1.0,216,1.0,0,0.0,0.0385333666115387,0.038613785972241195,0.7506522054376895,1.3321748644126357,1.7651688619433654,1.7662474177499294,0.022858132402095332,0.025602568574863094
0,c_x_tangent:c_0p95_1,t_0p02_0p05,0,0,nan,0,nan,0,nan,0,nan,nan,nan,nan,nan,nan,nan,nan,nan
0,c_x_tangent:c_0p95_1,t_0p05_0p10,0,0,nan,0,nan,0,nan,0,nan,nan,nan,nan,nan,nan,nan,nan,nan
0,c_x_tangent:c_0p95_1,t_0p10_inf,0,0,nan,0,nan,0,nan,0,nan,nan,nan,nan,nan,nan,nan,nan,nan
100,region,none_or_unknown,7500,0,0.0,6176,0.8234666666666667,3188,0.42506666666666665,4312,0.5749333333333333,0.3966732811238624,0.400462248471519,0.2740202366205524,3.649365507937806,7.9334656224772475,8.00924496943038,0.06444144490135784,0.15063628387314654
100,region,sphere_upper,0,0,nan,0,nan,0,nan,0,nan,nan,nan,nan,nan,nan,nan,nan,nan
100,region,sphere_lower90,0,0,nan,0,nan,0,nan,0,nan,nan,nan,nan,nan,nan,nan,nan,nan
100,region,sphere_bottom120,0,0,nan,0,nan,0,nan,0,nan,nan,nan,nan,nan,nan,nan,nan,nan
100,region,outer_or_other_wall,0,0,nan,0,nan,0,nan,0,nan,nan,nan,nan,nan,nan,nan,nan,nan
100,theta_zone,sphere11,0,0,nan,0,nan,0,nan,0,nan,nan,nan,nan,nan,nan,nan,nan,nan
100,theta_zone,outer90,0,0,nan,0,nan,0,nan,0,nan,nan,nan,nan,nan,nan,nan,nan,nan
100,theta_zone,fallback,7500,0,0.0,6176,0.8234666666666667,3188,0.42506666666666665,4312,0.5749333333333333,0.3966732811238624,0.400462248471519,0.2740202366205524,3.649365507937806,7.9334656224772475,8.00924496943038,0.06444144490135784,0.15063628387314654
100,c_bin,c_0_0p05,972,0,0.0,272,0.27983539094650206,972,1.0,0,0.0,0.04990511337920325,0.05862987061085739,1.0,0.42038001978693296,1.7338159714948653,1.9598113621711846,0.017086240929632457,0.02510018710146599
100,c_bin,c_0p05_0p10,760,0,0.0,760,1.0,624,0.8210526315789474,136,0.17894736842105263,0.16470347804124233,0.1673676863539591,0.3244783167256939,3.081870037576558,3.2940695608248465,3.3473537270791818,0.03719064912693355,0.049668675003582616
100,c_bin,c_0p10_0p30,1356,0,0.0,1356,1.0,0,0.0,1356,1.0,0.3481842621459495,0.35392819709739587,0.18988431074752216,5.2663645356653,6.96368524291899,7.078563941947917,0.08502690456632563,0.12008401771793145
100,c_bin,c_0p30_0p70,1648,0,0.0,1648,1.0,0,0.0,1648,1.0,0.40030159396336346,0.40132408991910073,0.1303794796779448,7.669921106584407,8.006031879267269,8.026481798382015,0.14516458707285038,0.15204090592764927
100,c_bin,c_0p70_0p90,1252,0,0.0,1252,1.0,80,0.06389776357827476,1172,0.9361022364217252,0.3120968912592693,0.31768627505846225,0.22580797391990803,4.4285415729149165,6.241937825185387,6.353725501169245,0.09279019588464299,0.12811072584294086
100,c_bin,c_0p90_0p95,680,0,0.0,680,1.0,680,1.0,0,0.0,0.12563218659975298,0.1284246986138005,0.35459968410945714,2.8200814747046845,2.8257504676593896,2.827201002216918,0.03812228178045557,0.052553183460760544
100,c_bin,c_0p95_1,832,0,0.0,208,0.25,832,1.0,0,0.0,0.03744513962402122,0.040875508617655626,1.0,0.3513049174729231,1.6880309489433125,1.7952893845515303,0.016801276740475157,0.025977673410974123
100,tangent_bin,t_0_0p005,8,0,0.0,0,0.0,8,1.0,0,0.0,3.082405668735657e-07,3.082405668736932e-07,1.0,3.0824056687325544e-05,3.082405668735657e-05,3.082405668736932e-05,0.010517610126265814,0.010517610126266064
100,tangent_bin,t_0p005_0p01,924,0,0.0,0,0.0,924,1.0,0,0.0,0.011060629033289613,0.015072570241865377,1.0,0.07828625400580011,0.6752257816997348,0.8619005893712358,0.013526163962676422,0.01923007651345334
100,tangent_bin,t_0p01_0p02,1472,0,0.0,1080,0.7336956521739131,1472,1.0,0,0.0,0.09394608282825147,0.09979313999372853,0.5967557622927795,1.6757285918769842,2.823919956562162,2.8265703521075918,0.024951490673170422,0.03861976870359346
100,tangent_bin,t_0p02_0p05,2380,0,0.0,2380,1.0,784,0.32941176470588235,1596,0.6705882352941176,0.24926540535947891,0.263698908730953,0.28770730369005526,3.4757546547281675,4.985308107189577,5.273978174619059,0.061197083839164966,0.09694833632989996
100,tangent_bin,t_0p05_0p10,2716,0,0.0,2716,1.0,0,0.0,2716,1.0,0.39970368508325166,0.4011374440133164,0.13922825065374786,7.182450366965673,7.994073701665033,8.022748880266327,0.13484805712272024,0.1518450839223912
100,tangent_bin,t_0p10_inf,0,0,nan,0,nan,0,nan,0,nan,nan,nan,nan,nan,nan,nan,nan,nan
100,normal_raw_abs_bin,normal_raw_abs_0_1e-4,0,0,nan,0,nan,0,nan,0,nan,nan,nan,nan,nan,nan,nan,nan,nan
100,normal_raw_abs_bin,normal_raw_abs_1e-4_1e-3,0,0,nan,0,nan,0,nan,0,nan,nan,nan,nan,nan,nan,nan,nan,nan
100,normal_raw_abs_bin,normal_raw_abs_1e-3_1e-2,0,0,nan,0,nan,0,nan,0,nan,nan,nan,nan,nan,nan,nan,nan,nan
100,normal_raw_abs_bin,normal_raw_abs_1e-2_5e-2,3148,0,0.0,1824,0.579415501905972,3028,0.9618805590851334,120,0.03811944091486658,0.14858943184030207,0.16324937352110094,0.6737619398859134,1.4842037532861054,3.0931849719408273,3.2649874704220188,0.023988764846297965,0.04676684483411752
100,normal_raw_abs_bin,normal_raw_abs_5e-2_inf,4352,0,0.0,4352,1.0,160,0.03676470588235294,4192,0.9632352941176471,0.3990848718199362,0.4008389387320386,0.16554862211291937,6.040521432536648,7.981697436398724,8.016778774640771,0.1122778661299067,0.15155258082778866
100,cap_source,abs_cap_selected,4312,0,0.0,4312,1.0,0,0.0,4312,1.0,0.3990848718199365,0.40092766294723364,0.16452098192270298,6.078252429346669,7.98169743639873,8.018553258944673,0.11258785659971957,0.15155741328937328
100,cap_source,raw_normal_scale_selected,0,0,nan,0,nan,0,nan,0,nan,nan,nan,nan,nan,nan,nan,nan,nan
100,cap_source,target_scale_selected,3084,0,0.0,1864,0.6044098573281452,3084,1.0,0,0.0,0.13890535286570058,0.1495459479481695,0.603273863279632,1.6576219539225685,3.086065126190901,3.093829436580865,0.0248161376560474,0.05036493973613808
100,cap_source,tangent_scale_selected,0,0,nan,0,nan,0,nan,0,nan,nan,nan,nan,nan,nan,nan,nan,nan
100,cap_source,floor_scale_selected,104,0,0.0,0,0.0,104,1.0,0,0.0,0.00010676975900324401,0.00010676975900324972,1.0,0.0016741540422218243,0.0106769759003244,0.01067697590032497,0.010985881812258902,0.011726228069662645
100,cap_source,none_or_inactive,0,0,nan,0,nan,0,nan,0,nan,nan,nan,nan,nan,nan,nan,nan,nan
100,stage8g_mode,mode_0,0,0,nan,0,nan,0,nan,0,nan,nan,nan,nan,nan,nan,nan,nan,nan
100,stage8g_mode,mode_1,7500,0,0.0,6176,0.8234666666666667,3188,0.42506666666666665,4312,0.5749333333333333,0.3966732811238624,0.400462248471519,0.2740202366205524,3.649365507937806,7.9334656224772475,8.00924496943038,0.06444144490135784,0.15063628387314654
100,stage8g_mode,mode_2,0,0,nan,0,nan,0,nan,0,nan,nan,nan,nan,nan,nan,nan,nan,nan
100,stage8g_mode,mode_3,0,0,nan,0,nan,0,nan,0,nan,nan,nan,nan,nan,nan,nan,nan,nan
100,limiter_class,none,1324,0,0.0,0,0.0,1324,1.0,0,0.0,0.018142792495146675,0.02293372864723345,1.0,0.18643912248449815,0.9141809892317797,0.9900338313338576,0.01515287102601506,0.020557063545145273
100,limiter_class,abs_cap_limiter,4312,0,0.0,4312,1.0,0,0.0,4312,1.0,0.3990848718199365,0.40092766294723364,0.16452098192270298,6.078252429346669,7.98169743639873,8.018553258944673,0.11258785659971957,0.15155741328937328
100,limiter_class,ratio_cap_limiter,0,0,nan,0,nan,0,nan,0,nan,nan,nan,nan,nan,nan,nan,nan,nan
100,limiter_class,secondary_vector_safety,0,0,nan,0,nan,0,nan,0,nan,nan,nan,nan,nan,nan,nan,nan,nan
100,limiter_class,inactive_or_fallback,0,0,nan,0,nan,0,nan,0,nan,nan,nan,nan,nan,nan,nan,nan,nan
100,normal_agreement_bin,normal_0_0p5,0,0,nan,0,nan,0,nan,0,nan,nan,nan,nan,nan,nan,nan,nan,nan
100,normal_agreement_bin,normal_0p5_0p9,0,0,nan,0,nan,0,nan,0,nan,nan,nan,nan,nan,nan,nan,nan,nan
100,normal_agreement_bin,normal_0p9_0p99,0,0,nan,0,nan,0,nan,0,nan,nan,nan,nan,nan,nan,nan,nan,nan
100,normal_agreement_bin,normal_0p99_1p01,7500,0,0.0,6176,0.8234666666666667,3188,0.42506666666666665,4312,0.5749333333333333,0.3966732811238624,0.400462248471519,0.2740202366205524,3.649365507937806,7.9334656224772475,8.00924496943038,0.06444144490135784,0.15063628387314654
100,c_x_tangent:c_0_0p05,t_0_0p005,0,0,nan,0,nan,0,nan,0,nan,nan,nan,nan,nan,nan,nan,nan,nan
100,c_x_tangent:c_0_0p05,t_0p005_0p01,344,0,0.0,0,0.0,344,1.0,0,0.0,0.0028161126609885087,0.003930444759898192,1.0,0.03821604347714722,0.16537164996323306,0.22166498447320984,0.012744077397858322,0.014682600231594154
100,c_x_tangent:c_0_0p05,t_0p01_0p02,628,0,0.0,272,0.43312101910828027,628,1.0,0,0.0,0.05223495370950495,0.059128149874487425,1.0,0.8543994951331825,1.8015313223459364,1.9821403621690228,0.02008964303638003,0.02549725069066615
100,c_x_tangent:c_0_0p05,t_0p02_0p05,0,0,nan,0,nan,0,nan,0,nan,nan,nan,nan,nan,nan,nan,nan,nan
100,c_x_tangent:c_0_0p05,t_0p05_0p10,0,0,nan,0,nan,0,nan,0,nan,nan,nan,nan,nan,nan,nan,nan,nan
100,c_x_tangent:c_0_0p05,t_0p10_inf,0,0,nan,0,nan,0,nan,0,nan,nan,nan,nan,nan,nan,nan,nan,nan
100,c_x_tangent:c_0p05_0p10,t_0_0p005,0,0,nan,0,nan,0,nan,0,nan,nan,nan,nan,nan,nan,nan,nan,nan
100,c_x_tangent:c_0p05_0p10,t_0p005_0p01,0,0,nan,0,nan,0,nan,0,nan,nan,nan,nan,nan,nan,nan,nan,nan
100,c_x_tangent:c_0p05_0p10,t_0p01_0p02,180,0,0.0,180,1.0,180,1.0,0,0.0,0.09762183638881884,0.09901439453685038,0.42646255542963296,2.3448717531427015,2.7674136282313877,2.788898235451063,0.028723330575415387,0.03174167665485133
100,c_x_tangent:c_0p05_0p10,t_0p02_0p05,580,0,0.0,580,1.0,444,0.7655172413793103,136,0.23448275862068965,0.1650183016211215,0.16804861789844527,0.32403723159086073,3.086065126190901,3.3003660324224295,3.3609723579689055,0.0405241389499123,0.049922899183052385
100,c_x_tangent:c_0p05_0p10,t_0p05_0p10,0,0,nan,0,nan,0,nan,0,nan,nan,nan,nan,nan,nan,nan,nan,nan
100,c_x_tangent:c_0p05_0p10,t_0p10_inf,0,0,nan,0,nan,0,nan,0,nan,nan,nan,nan,nan,nan,nan,nan,nan
100,c_x_tangent:c_0p10_0p30,t_0_0p005,0,0,nan,0,nan,0,nan,0,nan,nan,nan,nan,nan,nan,nan,nan,nan
100,c_x_tangent:c_0p10_0p30,t_0p005_0p01,0,0,nan,0,nan,0,nan,0,nan,nan,nan,nan,nan,nan,nan,nan,nan
100,c_x_tangent:c_0p10_0p30,t_0p01_0p02,0,0,nan,0,nan,0,nan,0,nan,nan,nan,nan,nan,nan,nan,nan,nan
100,c_x_tangent:c_0p10_0p30,t_0p02_0p05,708,0,0.0,708,1.0,0,0.0,708,1.0,0.2626299917642418,0.2659699140108219,0.23109188227099192,4.327283114286729,5.252599835284836,5.319398280216436,0.06759748193518425,0.08467999875102045
100,c_x_tangent:c_0p10_0p30,t_0p05_0p10,648,0,0.0,648,1.0,0,0.0,648,1.0,0.35145896237490504,0.35476208926979824,0.15942823264154804,6.272465305716059,7.0291792474981,7.095241785395965,0.10498928081758749,0.12146558449281851
100,c_x_tangent:c_0p10_0p30,t_0p10_inf,0,0,nan,0,nan,0,nan,0,nan,nan,nan,nan,nan,nan,nan,nan,nan
100,c_x_tangent:c_0p30_0p70,t_0_0p005,0,0,nan,0,nan,0,nan,0,nan,nan,nan,nan,nan,nan,nan,nan,nan
100,c_x_tangent:c_0p30_0p70,t_0p005_0p01,0,0,nan,0,nan,0,nan,0,nan,nan,nan,nan,nan,nan,nan,nan,nan
100,c_x_tangent:c_0p30_0p70,t_0p01_0p02,0,0,nan,0,nan,0,nan,0,nan,nan,nan,nan,nan,nan,nan,nan,nan
100,c_x_tangent:c_0p30_0p70,t_0p02_0p05,0,0,nan,0,nan,0,nan,0,nan,nan,nan,nan,nan,nan,nan,nan,nan
100,c_x_tangent:c_0p30_0p70,t_0p05_0p10,1648,0,0.0,1648,1.0,0,0.0,1648,1.0,0.40030159396336346,0.40132408991910073,0.1303794796779448,7.669921106584407,8.006031879267269,8.026481798382015,0.14516458707285038,0.15204090592764927
100,c_x_tangent:c_0p30_0p70,t_0p10_inf,0,0,nan,0,nan,0,nan,0,nan,nan,nan,nan,nan,nan,nan,nan,nan
100,c_x_tangent:c_0p70_0p90,t_0_0p005,0,0,nan,0,nan,0,nan,0,nan,nan,nan,nan,nan,nan,nan,nan,nan
100,c_x_tangent:c_0p70_0p90,t_0p005_0p01,0,0,nan,0,nan,0,nan,0,nan,nan,nan,nan,nan,nan,nan,nan,nan
100,c_x_tangent:c_0p70_0p90,t_0p01_0p02,0,0,nan,0,nan,0,nan,0,nan,nan,nan,nan,nan,nan,nan,nan,nan
100,c_x_tangent:c_0p70_0p90,t_0p02_0p05,832,0,0.0,832,1.0,80,0.09615384615384616,752,0.9038461538461539,0.2449973404498148,0.24926540535947966,0.2674246386358492,3.7393712303438695,4.899946808996296,4.985308107189593,0.07851555911300798,0.102353565505616
100,c_x_tangent:c_0p70_0p90,t_0p05_0p10,420,0,0.0,420,1.0,0,0.0,420,1.0,0.31621688287715255,0.3184948818369493,0.17388620408794422,5.750887514309316,6.324337657543051,6.369897636738986,0.11889534998794668,0.129492388946157
100,c_x_tangent:c_0p70_0p90,t_0p10_inf,0,0,nan,0,nan,0,nan,0,nan,nan,nan,nan,nan,nan,nan,nan,nan
100,c_x_tangent:c_0p90_0p95,t_0_0p005,0,0,nan,0,nan,0,nan,0,nan,nan,nan,nan,nan,nan,nan,nan,nan
100,c_x_tangent:c_0p90_0p95,t_0p005_0p01,0,0,nan,0,nan,0,nan,0,nan,nan,nan,nan,nan,nan,nan,nan,nan
100,c_x_tangent:c_0p90_0p95,t_0p01_0p02,420,0,0.0,420,1.0,420,1.0,0,0.0,0.09953319120694322,0.10021099449689261,0.3790441008605722,2.6382154417642303,2.8263396268799146,2.8272010022169214,0.03362601862054612,0.04146658004426585
100,c_x_tangent:c_0p90_0p95,t_0p02_0p05,260,0,0.0,260,1.0,260,1.0,0,0.0,0.12733601069369163,0.12842469861380165,0.35440391681241434,2.821639244267436,2.8244042788915373,2.8249110641649398,0.04764776698668585,0.053190604885386183
100,c_x_tangent:c_0p90_0p95,t_0p05_0p10,0,0,nan,0,nan,0,nan,0,nan,nan,nan,nan,nan,nan,nan,nan,nan
100,c_x_tangent:c_0p90_0p95,t_0p10_inf,0,0,nan,0,nan,0,nan,0,nan,nan,nan,nan,nan,nan,nan,nan,nan
100,c_x_tangent:c_0p95_1,t_0_0p005,8,0,0.0,0,0.0,8,1.0,0,0.0,3.082405668735657e-07,3.082405668736932e-07,1.0,3.0824056687325544e-05,3.082405668735657e-05,3.082405668736932e-05,0.010517610126265814,0.010517610126266064
100,c_x_tangent:c_0p95_1,t_0p005_0p01,580,0,0.0,0,0.0,580,1.0,0,0.0,0.014574199417326185,0.01602915191998343,1.0,0.15117729876888086,0.8402474429853997,0.9041081894201324,0.014769923131964235,0.02034808287160862
100,c_x_tangent:c_0p95_1,t_0p01_0p02,244,0,0.0,208,0.8524590163934426,244,1.0,0,0.0,0.040875508617654835,0.040984490603327546,0.7860732638567733,1.272146053020072,1.7952893845515083,1.7967020618547522,0.023248445022806263,0.02670342798882143
100,c_x_tangent:c_0p95_1,t_0p02_0p05,0,0,nan,0,nan,0,nan,0,nan,nan,nan,nan,nan,nan,nan,nan,nan
100,c_x_tangent:c_0p95_1,t_0p05_0p10,0,0,nan,0,nan,0,nan,0,nan,nan,nan,nan,nan,nan,nan,nan,nan
100,c_x_tangent:c_0p95_1,t_0p10_inf,0,0,nan,0,nan,0,nan,0,nan,nan,nan,nan,nan,nan,nan,nan,nan
1000,region,none_or_unknown,7952,0,0.0,6472,0.8138832997987927,3528,0.44366197183098594,4424,0.5563380281690141,0.3654161378668578,0.3684038319438446,0.29377196214112483,3.4040008199271616,7.308322757337156,7.368076638876891,0.06491802017513515,0.15260678084514506
1000,region,sphere_upper,0,0,nan,0,nan,0,nan,0,nan,nan,nan,nan,nan,nan,nan,nan,nan
1000,region,sphere_lower90,0,0,nan,0,nan,0,nan,0,nan,nan,nan,nan,nan,nan,nan,nan,nan
1000,region,sphere_bottom120,0,0,nan,0,nan,0,nan,0,nan,nan,nan,nan,nan,nan,nan,nan,nan
1000,region,outer_or_other_wall,0,0,nan,0,nan,0,nan,0,nan,nan,nan,nan,nan,nan,nan,nan,nan
1000,theta_zone,sphere11,0,0,nan,0,nan,0,nan,0,nan,nan,nan,nan,nan,nan,nan,nan,nan
1000,theta_zone,outer90,0,0,nan,0,nan,0,nan,0,nan,nan,nan,nan,nan,nan,nan,nan,nan
1000,theta_zone,fallback,7952,0,0.0,6472,0.8138832997987927,3528,0.44366197183098594,4424,0.5563380281690141,0.3654161378668578,0.3684038319438446,0.29377196214112483,3.4040008199271616,7.308322757337156,7.368076638876891,0.06491802017513515,0.15260678084514506
1000,c_bin,c_0_0p05,1152,0,0.0,268,0.2326388888888889,1152,1.0,0,0.0,0.045335231885365534,0.05109108340557517,1.0,0.3739599689859264,1.7157771311229812,1.883873921793577,0.017371820253499804,0.02577621121008727
1000,c_bin,c_0p05_0p10,832,0,0.0,832,1.0,824,0.9903846153846154,8,0.009615384615384616,0.1424455815725985,0.14681146158795647,0.3376033274340375,2.962056334151759,2.9858072364310466,2.9937876861694823,0.037812125246277715,0.050092401989172475
1000,c_bin,c_0p10_0p30,1508,0,0.0,1508,1.0,0,0.0,1508,1.0,0.30567539579490055,0.3134926730972722,0.21837595519856837,4.579258733365146,6.11350791589801,6.269853461945443,0.08583431501121852,0.12082075539182183
1000,c_bin,c_0p30_0p70,1744,0,0.0,1744,1.0,0,0.0,1744,1.0,0.3683140843546272,0.36908662641992807,0.14150620341155332,7.066827996942202,7.366281687092543,7.381732528398561,0.14703141456941288,0.15392860697876085
1000,c_bin,c_0p70_0p90,1236,0,0.0,1236,1.0,72,0.05825242718446602,1164,0.941747572815534,0.3073080603495755,0.31204732614108793,0.2228840747468097,4.486637285036955,6.146161206991509,6.240946522821758,0.0923188492806471,0.12841409818457675
1000,c_bin,c_0p90_0p95,664,0,0.0,664,1.0,664,1.0,0,0.0,0.13008029981800753,0.1331205616029738,0.3508110215947164,2.850537580213849,2.8544376911654825,2.8551390141551707,0.03825194442030416,0.052397365132750506
1000,c_bin,c_0p95_1,816,0,0.0,220,0.2696078431372549,816,1.0,0,0.0,0.03824048502967376,0.041046048498376085,1.0,0.34632244422929,1.7013040144435294,1.7854677525703504,0.01671010251669003,0.025923648629494117
1000,tangent_bin,t_0_0p005,48,0,0.0,0,0.0,48,1.0,0,0.0,5.420956672046849e-06,5.420956672046909e-06,1.0,0.000244525984986552,0.0005420956672046849,0.0005420956672046909,0.01270264291751631,0.013025028620907722
1000,tangent_bin,t_0p005_0p01,1144,0,0.0,0,0.0,1144,1.0,0,0.0,0.010720285986421134,0.015608366029444832,1.0,0.0982443316665385,0.6536644678728256,0.8804380053200964,0.014431811765647173,0.01905318499511859
1000,tangent_bin,t_0p01_0p02,1520,0,0.0,1232,0.8105263157894737,1520,1.0,0,0.0,0.09664437070415657,0.10383710572508355,0.5349923699303694,1.8691858665434709,2.853625247063941,2.9403382001594704,0.026906676149228717,0.037998537106338603
1000,tangent_bin,t_0p02_0p05,2552,0,0.0,2552,1.0,816,0.31974921630094044,1736,0.6802507836990596,0.24567874918327687,0.2534420581596502,0.29262949529987226,3.41729092236759,4.913574983665537,5.068841163193004,0.06537903936112674,0.09741781213628667
1000,tangent_bin,t_0p05_0p10,2688,0,0.0,2688,1.0,0,0.0,2688,1.0,0.3681802463969956,0.36905223474552895,0.14918403040965614,6.703130336766083,7.363604927939912,7.381044694910579,0.13764751532650277,0.15374643778940492
1000,tangent_bin,t_0p10_inf,0,0,nan,0,nan,0,nan,0,nan,nan,nan,nan,nan,nan,nan,nan,nan
1000,normal_raw_abs_bin,normal_raw_abs_0_1e-4,0,0,nan,0,nan,0,nan,0,nan,nan,nan,nan,nan,nan,nan,nan,nan
1000,normal_raw_abs_bin,normal_raw_abs_1e-4_1e-3,0,0,nan,0,nan,0,nan,0,nan,nan,nan,nan,nan,nan,nan,nan,nan
1000,normal_raw_abs_bin,normal_raw_abs_1e-3_1e-2,16,0,0.0,0,0.0,16,1.0,0,0.0,2.384987802100336e-08,2.3849878021004008e-08,1.0,1.2223384562961103e-06,2.3849878021003358e-06,2.384987802100401e-06,0.008837581918530717,0.008862223273188872
1000,normal_raw_abs_bin,normal_raw_abs_1e-2_5e-2,3340,0,0.0,1876,0.5616766467065868,3340,1.0,0,0.0,0.12822187795332818,0.14072475321795522,0.7532601456447536,1.3275626034137904,2.9781505818158482,2.9870895575305396,0.023714083484151736,0.04688170661511458
1000,normal_raw_abs_bin,normal_raw_abs_5e-2_inf,4596,0,0.0,4596,1.0,172,0.03742384682332463,4424,0.9625761531766753,0.36758657155912844,0.36879265764385544,0.1793325824592898,5.576231526287252,7.351731431182568,7.3758531528771085,0.11377551849990167,0.1534495923716256
1000,cap_source,abs_cap_selected,4424,0,0.0,4424,1.0,0,0.0,4424,1.0,0.36761874733962163,0.3687926576438556,0.17569707232943502,5.691614487225753,7.352374946792432,7.375853152877112,0.11539899473915846,0.15347632132653694
1000,cap_source,raw_normal_scale_selected,0,0,nan,0,nan,0,nan,0,nan,nan,nan,nan,nan,nan,nan,nan,nan
1000,cap_source,target_scale_selected,3328,0,0.0,2048,0.6153846153846154,3328,1.0,0,0.0,0.13490342567256625,0.14244558157259854,0.585305351177755,1.7085405727832572,2.9781505818158487,2.9870895575305396,0.025849929919790432,0.050092401989172496
1000,cap_source,tangent_scale_selected,0,0,nan,0,nan,0,nan,0,nan,nan,nan,nan,nan,nan,nan,nan,nan
1000,cap_source,floor_scale_selected,200,0,0.0,0,0.0,200,1.0,0,0.0,0.00016129932841876322,0.0002643409654941451,1.0,0.0005656885930025847,0.01612993284187632,0.026434096549414508,0.01157035965877748,0.013606135888027684
1000,cap_source,none_or_inactive,0,0,nan,0,nan,0,nan,0,nan,nan,nan,nan,nan,nan,nan,nan,nan
1000,stage8g_mode,mode_0,0,0,nan,0,nan,0,nan,0,nan,nan,nan,nan,nan,nan,nan,nan,nan
1000,stage8g_mode,mode_1,7952,0,0.0,6472,0.8138832997987927,3528,0.44366197183098594,4424,0.5563380281690141,0.3654161378668578,0.3684038319438446,0.29377196214112483,3.4040008199271616,7.308322757337156,7.368076638876891,0.06491802017513515,0.15260678084514506
1000,stage8g_mode,mode_2,0,0,nan,0,nan,0,nan,0,nan,nan,nan,nan,nan,nan,nan,nan,nan
1000,stage8g_mode,mode_3,0,0,nan,0,nan,0,nan,0,nan,nan,nan,nan,nan,nan,nan,nan,nan
1000,limiter_class,none,1480,0,0.0,0,0.0,1480,1.0,0,0.0,0.018449302229866456,0.022084791893531547,1.0,0.16341843035287112,0.9021674361238626,0.9955967435667036,0.015191556327662035,0.020991081350000055
1000,limiter_class,abs_cap_limiter,4424,0,0.0,4424,1.0,0,0.0,4424,1.0,0.36761874733962163,0.3687926576438556,0.17569707232943502,5.691614487225753,7.352374946792432,7.375853152877112,0.11539899473915846,0.15347632132653694
1000,limiter_class,ratio_cap_limiter,0,0,nan,0,nan,0,nan,0,nan,nan,nan,nan,nan,nan,nan,nan,nan
1000,limiter_class,secondary_vector_safety,0,0,nan,0,nan,0,nan,0,nan,nan,nan,nan,nan,nan,nan,nan,nan
1000,limiter_class,inactive_or_fallback,0,0,nan,0,nan,0,nan,0,nan,nan,nan,nan,nan,nan,nan,nan,nan
1000,normal_agreement_bin,normal_0_0p5,0,0,nan,0,nan,0,nan,0,nan,nan,nan,nan,nan,nan,nan,nan,nan
1000,normal_agreement_bin,normal_0p5_0p9,0,0,nan,0,nan,0,nan,0,nan,nan,nan,nan,nan,nan,nan,nan,nan
1000,normal_agreement_bin,normal_0p9_0p99,0,0,nan,0,nan,0,nan,0,nan,nan,nan,nan,nan,nan,nan,nan,nan
1000,normal_agreement_bin,normal_0p99_1p01,7952,0,0.0,6472,0.8138832997987927,3528,0.44366197183098594,4424,0.5563380281690141,0.3654161378668578,0.3684038319438446,0.29377196214112483,3.4040008199271616,7.308322757337156,7.368076638876891,0.06491802017513515,0.15260678084514506
1000,c_x_tangent:c_0_0p05,t_0_0p005,48,0,0.0,0,0.0,48,1.0,0,0.0,5.420956672046849e-06,5.420956672046909e-06,1.0,0.000244525984986552,0.0005420956672046849,0.0005420956672046909,0.01270264291751631,0.013025028620907722
1000,c_x_tangent:c_0_0p05,t_0p005_0p01,572,0,0.0,0,0.0,572,1.0,0,0.0,0.007292335911536967,0.00865373021356355,1.0,0.07338417606890554,0.45609359796653387,0.49395396358918886,0.014143081006593082,0.018447666310100825
1000,c_x_tangent:c_0_0p05,t_0p01_0p02,532,0,0.0,268,0.5037593984962406,532,1.0,0,0.0,0.04996180577375117,0.05246266412549105,0.9747871068697792,1.025865025247599,1.8482050411454938,1.916497996058966,0.022072340311624465,0.026742871817625087
1000,c_x_tangent:c_0_0p05,t_0p02_0p05,0,0,nan,0,nan,0,nan,0,nan,nan,nan,nan,nan,nan,nan,nan,nan
1000,c_x_tangent:c_0_0p05,t_0p05_0p10,0,0,nan,0,nan,0,nan,0,nan,nan,nan,nan,nan,nan,nan,nan,nan
1000,c_x_tangent:c_0_0p05,t_0p10_inf,0,0,nan,0,nan,0,nan,0,nan,nan,nan,nan,nan,nan,nan,nan,nan
1000,c_x_tangent:c_0p05_0p10,t_0_0p005,0,0,nan,0,nan,0,nan,0,nan,nan,nan,nan,nan,nan,nan,nan,nan
1000,c_x_tangent:c_0p05_0p10,t_0p005_0p01,0,0,nan,0,nan,0,nan,0,nan,nan,nan,nan,nan,nan,nan,nan,nan
1000,c_x_tangent:c_0p05_0p10,t_0p01_0p02,348,0,0.0,348,1.0,348,1.0,0,0.0,0.1021122914763604,0.10486375097362702,0.3909668578276616,2.5577615595253356,2.9242306907711053,2.952402836022531,0.031432703340747464,0.03550560712700446
1000,c_x_tangent:c_0p05_0p10,t_0p02_0p05,484,0,0.0,484,1.0,476,0.9834710743801653,8,0.01652892561983471,0.14550320836570121,0.1491149436855815,0.3363197432569596,2.9733609758258117,2.9874066151951277,2.9940227485406843,0.04239379133443188,0.05093264522197301
1000,c_x_tangent:c_0p05_0p10,t_0p05_0p10,0,0,nan,0,nan,0,nan,0,nan,nan,nan,nan,nan,nan,nan,nan,nan
1000,c_x_tangent:c_0p05_0p10,t_0p10_inf,0,0,nan,0,nan,0,nan,0,nan,nan,nan,nan,nan,nan,nan,nan,nan
1000,c_x_tangent:c_0p10_0p30,t_0_0p005,0,0,nan,0,nan,0,nan,0,nan,nan,nan,nan,nan,nan,nan,nan,nan
1000,c_x_tangent:c_0p10_0p30,t_0p005_0p01,0,0,nan,0,nan,0,nan,0,nan,nan,nan,nan,nan,nan,nan,nan,nan
1000,c_x_tangent:c_0p10_0p30,t_0p01_0p02,0,0,nan,0,nan,0,nan,0,nan,nan,nan,nan,nan,nan,nan,nan,nan
1000,c_x_tangent:c_0p10_0p30,t_0p02_0p05,992,0,0.0,992,1.0,0,0.0,992,1.0,0.24972380943041628,0.2557089822759379,0.25488353919141804,3.923360461693049,4.994476188608325,5.114179645518758,0.0720663417667434,0.0950292892905865
1000,c_x_tangent:c_0p10_0p30,t_0p05_0p10,516,0,0.0,516,1.0,0,0.0,516,1.0,0.31180819920865344,0.31373785368553375,0.17360960107962847,5.760050099656274,6.23616398417307,6.274757073710675,0.11234995234531087,0.12436625725298137
1000,c_x_tangent:c_0p10_0p30,t_0p10_inf,0,0,nan,0,nan,0,nan,0,nan,nan,nan,nan,nan,nan,nan,nan,nan
1000,c_x_tangent:c_0p30_0p70,t_0_0p005,0,0,nan,0,nan,0,nan,0,nan,nan,nan,nan,nan,nan,nan,nan,nan
1000,c_x_tangent:c_0p30_0p70,t_0p005_0p01,0,0,nan,0,nan,0,nan,0,nan,nan,nan,nan,nan,nan,nan,nan,nan
1000,c_x_tangent:c_0p30_0p70,t_0p01_0p02,0,0,nan,0,nan,0,nan,0,nan,nan,nan,nan,nan,nan,nan,nan,nan
1000,c_x_tangent:c_0p30_0p70,t_0p02_0p05,0,0,nan,0,nan,0,nan,0,nan,nan,nan,nan,nan,nan,nan,nan,nan
1000,c_x_tangent:c_0p30_0p70,t_0p05_0p10,1744,0,0.0,1744,1.0,0,0.0,1744,1.0,0.3683140843546272,0.36908662641992807,0.14150620341155332,7.066827996942202,7.366281687092543,7.381732528398561,0.14703141456941288,0.15392860697876085
1000,c_x_tangent:c_0p30_0p70,t_0p10_inf,0,0,nan,0,nan,0,nan,0,nan,nan,nan,nan,nan,nan,nan,nan,nan
1000,c_x_tangent:c_0p70_0p90,t_0_0p005,0,0,nan,0,nan,0,nan,0,nan,nan,nan,nan,nan,nan,nan,nan,nan
1000,c_x_tangent:c_0p70_0p90,t_0p005_0p01,0,0,nan,0,nan,0,nan,0,nan,nan,nan,nan,nan,nan,nan,nan,nan
1000,c_x_tangent:c_0p70_0p90,t_0p01_0p02,0,0,nan,0,nan,0,nan,0,nan,nan,nan,nan,nan,nan,nan,nan,nan
1000,c_x_tangent:c_0p70_0p90,t_0p02_0p05,808,0,0.0,808,1.0,72,0.0891089108910891,736,0.9108910891089109,0.24567874918327723,0.25089736886032166,0.2612361271894634,3.8280394785378373,4.913574983665544,5.017947377206433,0.07815627816443085,0.10166167028588864
1000,c_x_tangent:c_0p70_0p90,t_0p05_0p10,428,0,0.0,428,1.0,0,0.0,428,1.0,0.31190504634743305,0.3126874957404176,0.17645259835232383,5.667244400693351,6.23810092694866,6.253749914808352,0.11819957920855051,0.1308576612011153
1000,c_x_tangent:c_0p70_0p90,t_0p10_inf,0,0,nan,0,nan,0,nan,0,nan,nan,nan,nan,nan,nan,nan,nan,nan
1000,c_x_tangent:c_0p90_0p95,t_0_0p005,0,0,nan,0,nan,0,nan,0,nan,nan,nan,nan,nan,nan,nan,nan,nan
1000,c_x_tangent:c_0p90_0p95,t_0p005_0p01,0,0,nan,0,nan,0,nan,0,nan,nan,nan,nan,nan,nan,nan,nan,nan
1000,c_x_tangent:c_0p90_0p95,t_0p01_0p02,396,0,0.0,396,1.0,396,1.0,0,0.0,0.09887420803965226,0.10119688210046261,0.37665228934428985,2.654968596476315,2.854803683224148,2.8551390141551782,0.03344602043354333,0.03980100248861518
1000,c_x_tangent:c_0p90_0p95,t_0p02_0p05,268,0,0.0,268,1.0,268,1.0,0,0.0,0.13148112927932543,0.1331205616029751,0.3506491815151428,2.851853227431004,2.8541170193354928,2.8544872274987836,0.047704022933247214,0.053046990228094004
1000,c_x_tangent:c_0p90_0p95,t_0p05_0p10,0,0,nan,0,nan,0,nan,0,nan,nan,nan,nan,nan,nan,nan,nan,nan
1000,c_x_tangent:c_0p90_0p95,t_0p10_inf,0,0,nan,0,nan,0,nan,0,nan,nan,nan,nan,nan,nan,nan,nan,nan
1000,c_x_tangent:c_0p95_1,t_0_0p005,0,0,nan,0,nan,0,nan,0,nan,nan,nan,nan,nan,nan,nan,nan,nan
1000,c_x_tangent:c_0p95_1,t_0p005_0p01,572,0,0.0,0,0.0,572,1.0,0,0.0,0.01191016105011958,0.015664139660720732,1.0,0.155639850208809,0.7124777721978963,0.8813840761953794,0.014789535146426863,0.0194135997338436
1000,c_x_tangent:c_0p95_1,t_0p01_0p02,244,0,0.0,220,0.9016393442622951,244,1.0,0,0.0,0.041046048498375565,0.04114424968003916,0.7825300826400083,1.2779061433987524,1.785467752570331,1.786725121186369,0.02317362177111773,0.02647145996164079
1000,c_x_tangent:c_0p95_1,t_0p02_0p05,0,0,nan,0,nan,0,nan,0,nan,nan,nan,nan,nan,nan,nan,nan,nan
1000,c_x_tangent:c_0p95_1,t_0p05_0p10,0,0,nan,0,nan,0,nan,0,nan,nan,nan,nan,nan,nan,nan,nan,nan
1000,c_x_tangent:c_0p95_1,t_0p10_inf,0,0,nan,0,nan,0,nan,0,nan,nan,nan,nan,nan,nan,nan,nan,nan
